Stock, Daily Change, avg low, avg high, Weekly Change, percentage Profit, Highest, Lowest, Daily Average Price, RSI, Rating, Current Price, resistenceLine
AAOI, 0.7099998474121094, 10.797999954223632, 11.507999801635743, 0.7099998474121094, 6.466301247836862, 12.15999984741211, 10.444999694824219, 11.022000122070313, 99.47377195507147, OverBought, 11.210000038146973
ACB, 0.6943799972534179, 6.576000022888183, 7.270380020141602, 0.694379997253418, 10.166617935723746, 7.579899787902832, 6.150000095367432, 6.978000068664551, 98.26892259570523, OverBought, 7.28000020980835
ACCD, 0.6129000663757325, 8.683100032806397, 9.296000099182129, 0.6129000663757325, 8.042780123602848, 9.670000076293945, 7.620500087738037, 9.08799991607666, 98.55974731963697, OverBought, 8.289999961853027
ACMR, 2.127360534667969, 26.092439651489258, 28.219800186157226, 2.127360534667969, 8.397851787556824, 29.16900062561035, 25.0, 27.136000061035155, 99.68940346391847, OverBought, 26.100000381469727
ACRV, 1.088859748840332, 8.714020156860352, 9.802879905700683, 1.088859748840332, 12.94704879862845, 10.270000457763672, 7.800000190734863, 9.150279998779297, 98.3512908881795, OverBought, 8.451399803161621
ADVM, 0.7900001525878906, 10.231999969482422, 11.022000122070313, 0.7900001525878907, 8.324553968822787, 11.869999885559082, 9.34000015258789, 10.286000061035157, 98.27120398398043, OverBought, 9.510000228881836
ADXN, 1.2130001068115235, 16.14699993133545, 17.36000003814697, 1.2130001068115235, 8.670479818846868, 20.040000915527344, 13.989999771118164, 16.79400005340576, 98.73347470809118, OverBought, 14.989999771118164
AEYE, 1.4760000228881835, 13.045999908447266, 14.521999931335449, 1.4760000228881833, 10.5053380985825, 16.219999313354492, 11.25, 13.842000198364257, 99.84838739643084, OverBought, 14.600000381469727
AFMD, 0.43000011444091796, 4.834999847412109, 5.264999961853027, 0.430000114440918, 8.686871333531517, 5.460000038146973, 4.559999942779541, 5.046000003814697, 97.91181866488164, OverBought, 5.119999885559082
AFRM, 2.177000045776367, 30.77100028991699, 32.94800033569336, 2.177000045776367, 7.0361991215223325, 33.90999984741211, 30.270000457763672, 32.359000015258786, 99.89007786518712, OverBought, 33.34000015258789
AG, 0.3680000305175781, 6.542000007629395, 6.910000038146973, 0.3680000305175782, 5.459941291014718, 7.110000133514404, 6.190000057220459, 6.771900081634522, 99.46151861358996, OverBought, 6.749499797821045
AGEN, 1.457900047302246, 6.520099925994873, 7.977999973297119, 1.457900047302246, 17.191203458124978, 10.319999694824219, 4.909999847412109, 7.612040042877197, 100, OverBought, 10.110199928283691
AGL, 0.31999998092651366, 5.0920000076293945, 5.411999988555908, 0.31999998092651366, 6.311636490963936, 5.570000171661377, 4.994999885559082, 5.221000003814697, 99.0702330663707, OverBought, 5.144999980926514
AIRI, 0.34200000762939453, 4.915999984741211, 5.257999992370605, 0.34200000762939453, 6.745562052265678, 5.550000190734863, 4.699999809265137, 5.088699913024902, 98.65755215526661, OverBought, 5.483500003814697
AIRT, 1.648000717163086, 24.471999740600587, 26.120000457763673, 1.6480007171630862, 6.350676950717787, 27.68000030517578, 22.829999923706055, 25.732000732421874, 99.85456671635959, OverBought, 25.950000762939453
AKA, 0.7044401168823242, 12.119540023803712, 12.823980140686036, 0.7044401168823243, 5.341644884051597, 13.399999618530273, 11.220000267028809, 12.561980056762696, 99.79535557119242, OverBought, 13.399900436401367
AKRO, 1.0979999542236327, 19.58199996948242, 20.679999923706056, 1.097999954223633, 5.7911392787083145, 21.510000228881836, 18.200000762939453, 20.054000473022462, 99.49355093500196, OverBought, 19.290000915527344
ALAR, 2.989979553222656, 24.778000259399413, 27.76797981262207, 2.989979553222656, 10.852920638925116, 29.609899520874023, 21.020000457763672, 26.931999588012694, 99.88796104401739, OverBought, 28.959999084472656
ALCC, 0.7022998809814454, 12.608000183105469, 13.310300064086913, 0.7022998809814454, 5.609423764405281, 13.61050033569336, 12.260000228881836, 12.981999969482422, 99.69831208446047, OverBought, 12.930000305175781
ALRN, 0.531399917602539, 4.651599979400634, 5.182999897003174, 0.531399917602539, 10.64929743440574, 5.429999828338623, 4.269999980926514, 4.892999935150146, 100, OverBought, 5.034999847412109
ALT, 0.6439999580383301, 6.996000003814697, 7.639999961853027, 0.6439999580383301, 9.333332596193776, 8.229999542236328, 6.78000020980835, 7.335999965667725, 99.01736144163455, OverBought, 7.360000133514404
ALTI, 0.25100002288818357, 4.838999938964844, 5.089999961853027, 0.25100002288818357, 5.080972064389232, 5.159999847412109, 4.71999979019165, 4.97599983215332, 100, OverBought, 5.059999942779541
ALXO, 1.2586004257202148, 15.153399848937989, 16.412000274658205, 1.258600425720215, 7.498364236888952, 17.3700008392334, 13.880000114440918, 16.020000076293947, 100, OverBought, 17.280000686645508
AMRC, 1.2799999237060546, 19.797999954223634, 21.077999877929688, 1.2799999237060546, 6.07210592191036, 22.09000015258789, 18.489999771118164, 20.858000183105467, 99.92029519792028, OverBought, 22.040000915527344
AMSC, 0.6100200653076172, 11.617980003356934, 12.228000068664551, 0.6100200653076172, 5.143551302278939, 12.489999771118164, 11.359999656677246, 12.009679794311523, 99.64874944940246, OverBought, 12.24839973449707
ANGO, 0.29800004959106446, 5.9, 6.198000049591064, 0.2980000495910644, 5.17361176648623, 6.440000057220459, 5.71999979019165, 5.960000133514404, 98.53137477827711, OverBought, 5.860000133514404
ANL, 1.7627601623535156, 12.275399971008301, 14.038160133361817, 1.7627601623535154, 14.656689945401016, 15.550000190734863, 11.399999618530273, 13.388000106811523, 98.7352438987135, OverBought, 13.050000190734863
ANVS, 1.4959999084472657, 11.95, 13.445999908447266, 1.4959999084472657, 10.91174255495818, 15.859999656677246, 10.100000381469727, 12.907999992370605, 100, OverBought, 14.829999923706055
AOMR, 0.5464000701904297, 10.736599922180176, 11.282999992370605, 0.5464000701904297, 5.089893690407013, 11.920000076293945, 10.34000015258789, 10.83700008392334, 98.95712269624404, OverBought, 10.765000343322754
APGE, 2.9000007629394533, 45.92299957275391, 48.82300033569336, 2.900000762939453, 6.512465399589765, 51.0, 43.60499954223633, 47.225, 99.8086182126307, OverBought, 45.314998626708984
APM, 0.4551999092102051, 5.3544000625610355, 5.80959997177124, 0.4551999092102051, 8.838833024870622, 6.21999979019165, 5.150000095367432, 5.501999950408935, 98.44709562178194, OverBought, 5.309999942779541
APP, 3.5960006713867188, 67.72200012207031, 71.31800079345703, 3.5960006713867188, 5.139346303630925, 73.91000366210938, 65.62000274658203, 70.34199829101563, 99.95836683785444, OverBought, 73.76499938964844
APRE, 0.37259998321533205, 5.109259986877442, 5.481859970092773, 0.372599983215332, 7.163593195657797, 5.751999855041504, 5.019999980926514, 5.242259979248047, 98.47638559265006, OverBought, 5.201300144195557
ARCB, 6.800001525878907, 134.2699966430664, 141.06999816894532, 6.800001525878907, 5.364046466787398, 146.41000366210938, 126.7699966430664, 137.6708999633789, 99.90209626453759, OverBought, 127.79450225830078
ARCT, 1.5379993438720703, 26.165999984741212, 27.703999328613282, 1.5379993438720703, 5.952009809558917, 28.799999237060547, 25.40999984741211, 26.911000061035157, 99.75526653696521, OverBought, 26.415000915527344
ARQT, 0.4884000778198242, 8.558600044250488, 9.047000122070312, 0.48840007781982425, 5.828163140215045, 9.295000076293945, 8.210000038146973, 8.743999862670899, 99.49144411390385, OverBought, 8.699999809265137
ARRY, 0.6717199325561524, 11.560000038146972, 12.231719970703125, 0.6717199325561523, 5.63996592075615, 12.538599967956543, 11.079999923706055, 12.030999565124512, 99.78032363106831, OverBought, 12.354999542236328
ARWR, 1.2148002624511718, 22.381199645996094, 23.595999908447265, 1.214800262451172, 5.5930032267738365, 24.68000030517578, 21.389999389648438, 23.01400032043457, 99.62025441177032, OverBought, 22.209999084472656
ASPN, 0.8140003204345703, 15.467999839782715, 16.282000160217287, 0.8140003204345703, 5.201280129558334, 16.860000610351562, 14.520000457763672, 16.06999988555908, 99.61086765901103, OverBought, 16.190000534057617
ATLC, 1.289780044555664, 24.315719604492188, 25.60549964904785, 1.289780044555664, 5.042418459551966, 26.747499465942383, 23.209999084472656, 25.011000061035155, 100, OverBought, 26.364999771118164
ATLX, 0.8976001739501953, 13.543999862670898, 14.441600036621093, 0.8976001739501953, 6.504348996696624, 14.75, 13.199999809265137, 13.936000061035156, 99.6304775143538, OverBought, 14.140000343322754
ATNI, 2.135000228881836, 24.088999557495118, 26.223999786376954, 2.135000228881836, 11.58751868270061, 28.760000228881836, 18.200000762939453, 24.61999969482422, 98.70128300817987, OverBought, 18.75
ATNM, 0.45279998779296876, 6.701200008392334, 7.153999996185303, 0.4527999877929688, 6.982266437480915, 7.429999828338623, 6.46999979019165, 6.892000007629394, 98.41279881847865, OverBought, 6.710000038146973
ATXI, 1.5913000106811523, 7.637199974060058, 9.22849998474121, 1.5913000106811523, 22.346581273015296, 10.3125, 6.389999866485596, 8.61299991607666, 95.23393311465165, OverBought, 7.409999847412109
ATXS, 0.535999870300293, 9.146000099182128, 9.681999969482423, 0.535999870300293, 5.962178909306313, 10.010000228881836, 8.770000457763672, 9.358000183105469, 99.0708815905895, OverBought, 9.180000305175781
AUID, 0.7699600219726562, 7.15201997756958, 7.921979999542236, 0.7699600219726562, 10.576228840968867, 8.259900093078613, 6.739999771118164, 7.56299991607666, 98.15300316178376, OverBought, 7.550000190734863
AUVIP, 0.36000001430511475, 6.050000071525574, 6.4100000858306885, 0.2880000114440918, 5.815832164414683, 6.809999942779541, 5.710000038146973, 6.052500009536743, 99.63898152512624, OverBought, 6.190000057220459
AVTE, 1.9891998291015625, 21.025, 23.014199829101564, 1.9891998291015625, 9.260707036749139, 23.97599983215332, 19.829999923706055, 22.03400001525879, 99.59238558670829, OverBought, 22.010000228881836
AVTX, 1.6639799118041991, 13.047999954223632, 14.711979866027832, 1.6639799118041991, 11.093199412027994, 16.31999969482422, 11.460000038146973, 13.978519821166993, 100, OverBought, 15.502599716186523
AXR, 1.039059829711914, 20.444140243530274, 21.483200073242188, 1.039059829711914, 5.1208671114611715, 22.190000534057617, 20.170000076293945, 21.011199951171875, 99.67805086390086, OverBought, 20.88599967956543
AZZ, 3.781999206542969, 75.47200012207031, 79.25399932861328, 3.7819992065429684, 5.372921209456851, 84.5199966430664, 70.38999938964844, 77.18000030517578, 99.80084104645131, OverBought, 70.80000305175781
BBAR, 0.5930000305175781, 8.815999984741211, 9.409000015258789, 0.5930000305175782, 6.677928185532609, 9.859999656677246, 8.470000267028809, 9.101000022888183, 99.24885103218803, OverBought, 8.914999961853027
BDTX, 0.3470001220703125, 4.977999877929688, 5.325, 0.3470001220703125, 6.724808766115433, 5.579999923706055, 4.869999885559082, 5.150000095367432, 99.95174413207909, OverBought, 5.550000190734863
BE, 0.6729799270629883, 9.304020118713378, 9.977000045776368, 0.6729799270629883, 7.113877387008431, 10.350000381469727, 9.119999885559082, 9.730000114440918, 99.66209157820472, OverBought, 10.3100004196167
BEAM, 1.3330001831054688, 22.25299987792969, 23.586000061035158, 1.3330001831054688, 6.3026014522363365, 25.469999313354492, 20.84000015258789, 22.71599998474121, 99.53738180520692, OverBought, 21.670000076293945
BEEM, 0.45800008773803713, 6.07199993133545, 6.530000019073486, 0.4580000877380371, 7.145087342286664, 6.679999828338623, 5.659999847412109, 6.339999866485596, 99.13734638154871, OverBought, 6.409999847412109
BFH, 1.9159996032714843, 34.57600021362305, 36.491999816894534, 1.9159996032714843, 5.239266117748033, 38.88999938964844, 33.58000183105469, 35.99000015258789, 99.97322451196904, OverBought, 37.70000076293945
BHVN, 1.8918006896972657, 38.08499984741211, 39.976800537109376, 1.8918006896972654, 5.000134096669381, 41.880001068115234, 36.77000045776367, 38.66000061035156, 99.89697163183371, OverBought, 38.099998474121094
BITE, 0.7240001678466796, 10.131999969482422, 10.8560001373291, 0.7240001678466796, 7.203981632897265, 11.0, 9.199999809265137, 10.534000015258789, 99.28604693710943, OverBought, 10.149999618530273
BKTI, 0.7059797286987305, 13.754000091552735, 14.459979820251466, 0.7059797286987305, 5.031929737244708, 14.649999618530273, 13.5, 14.013980102539062, 99.6915394528715, OverBought, 14.54990005493164
BLFS, 1.0146398544311523, 16.424360084533692, 17.438999938964844, 1.0146398544311523, 6.1116252351614895, 18.020000457763672, 15.720000267028809, 16.960000228881835, 99.87885472984438, OverBought, 16.93000030517578
BLTE, 2.31898193359375, 35.16399917602539, 37.48298110961914, 2.31898193359375, 6.029594354644656, 39.249900817871094, 32.5, 37.14499969482422, 100, OverBought, 38.974998474121094
BMA, 3.182600402832031, 49.3620002746582, 52.54460067749024, 3.182600402832031, 6.481874748956397, 55.11000061035156, 47.7599983215332, 50.53500061035156, 99.84363394463408, OverBought, 49.275001525878906
BMR, 0.40799999237060547, 5.314000129699707, 5.7220001220703125, 0.4079999923706054, 7.404718247233219, 5.909999847412109, 5.010000228881836, 5.518019962310791, 99.34094726124152, OverBought, 5.700099945068359
BNTC, 0.5262800216674804, 6.577719974517822, 7.103999996185303, 0.5262800216674804, 7.6509756701168135, 7.349999904632568, 6.46999979019165, 6.84753999710083, 99.6482733538904, OverBought, 6.997700214385986
BODY, 0.567500114440918, 8.734999656677246, 9.302499771118164, 0.45400009155273435, 6.560695253965135, 9.5, 8.649999618530273, 9.119999885559082, 100, OverBought, 9.5
BPTS, 1.2554998397827148, 8.692000150680542, 9.947499990463257, 1.004399871826172, 15.273720182451116, 11.199999809265137, 8.220000267028809, 9.488250017166138, 97.7894801311925, OverBought, 8.220000267028809
BTDR, 0.46499996185302733, 6.252200031280518, 6.717199993133545, 0.46499996185302733, 7.334384079836679, 6.989999771118164, 5.940000057220459, 6.534820079803467, 99.11272130356754, OverBought, 6.374100208282471
BTTR, 0.6299999237060547, 6.357999992370606, 6.98799991607666, 0.6299999237060547, 10.079998779296876, 7.409999847412109, 6.0, 6.628020000457764, 97.74352992518124, OverBought, 6.300099849700928
BWMX, 1.021200180053711, 18.71599998474121, 19.73720016479492, 1.021200180053711, 6.007059882668888, 20.360000610351562, 17.0, 19.35099983215332, 99.58743057903357, OverBought, 18.344999313354492
BYND, 0.3456599235534668, 6.040000057220459, 6.385659980773926, 0.3456599235534668, 5.548313362683949, 6.478300094604492, 5.920000076293945, 6.216400051116944, 99.68974380687978, OverBought, 6.452000141143799
CABA, 0.7130001068115235, 12.538000106811523, 13.251000213623048, 0.7130001068115234, 5.976530499351214, 14.020000457763672, 11.680000305175781, 12.751999855041504, 99.16584306926785, OverBought, 11.979999542236328
CADL, 0.6685998916625977, 5.611400032043457, 6.279999923706055, 0.6685998916625977, 11.051237530314626, 6.809999942779541, 5.099999904632568, 5.996000003814697, 98.7564571732489, OverBought, 6.050000190734863
CALC, 0.7070601463317872, 4.493939971923828, 5.201000118255616, 0.707060146331787, 13.266415506364703, 5.800000190734863, 4.070000171661377, 5.078999996185303, 99.04275773645986, OverBought, 5.510000228881836
CAPR, 0.36999998092651365, 4.931999969482422, 5.301999950408936, 0.36999998092651365, 7.212475100828283, 5.650000095367432, 4.699999809265137, 5.079000091552734, 99.40593721654827, OverBought, 5.445000171661377
CBUS, 0.969999885559082, 15.17800006866455, 16.147999954223632, 0.969999885559082, 6.25806377780053, 16.725000381469727, 14.744999885559082, 15.71299991607666, 99.69310816342725, OverBought, 15.774999618530273
CCLDO, 0.36529998779296874, 6.242000007629395, 6.6072999954223635, 0.3652999877929688, 5.725705035116291, 6.708499908447266, 5.989999771118164, 6.569700050354004, 100, OverBought, 6.708499908447266
CCLDP, 0.5677799224853516, 5.546220016479492, 6.113999938964843, 0.5677799224853516, 10.512301305349519, 6.329999923706055, 5.309999942779541, 5.822000026702881, 98.86890256607083, OverBought, 5.940000057220459
CCRD, 0.5950002670288086, 11.924999713897705, 12.519999980926514, 0.47600021362304684, 5.000002404221043, 12.670000076293945, 11.65999984741211, 12.277499914169312, 99.78457839543303, OverBought, 12.149999618530273
CDLX, 0.777979850769043, 11.599620056152343, 12.377599906921386, 0.777979850769043, 6.882889438118406, 13.140000343322754, 11.130000114440918, 11.923000144958497, 99.2498575892768, OverBought, 11.5600004196167
CDMO, 0.42399988174438474, 6.65600004196167, 7.079999923706055, 0.42399988174438474, 5.816184965200044, 7.679999828338623, 6.309999942779541, 6.965999984741211, 100, OverBought, 7.590000152587891
CDNA, 0.4344000816345215, 7.813000011444092, 8.247400093078614, 0.4344000816345215, 5.85444847935218, 8.756999969482422, 7.420000076293945, 7.929999923706054, 98.85980772953756, OverBought, 7.710000038146973
CDTX, 2.2082000732421876, 10.761800003051757, 12.970000076293946, 2.2082000732421876, 19.085567255719244, 14.960000038146973, 10.0, 11.686000061035156, 99.65809454719921, OverBought, 12.600000381469727
CEPU, 0.5720001220703125, 9.654000091552735, 10.226000213623047, 0.5720001220703125, 5.818922955338742, 10.399999618530273, 9.039999961853027, 10.022000122070313, 99.54563653416274, OverBought, 9.890000343322754
CFFI, 2.1593605041503907, 36.4946403503418, 38.65400085449219, 2.1593605041503903, 5.751668533717413, 39.290000915527344, 34.95000076293945, 37.91482086181641, 99.88258531819248, OverBought, 38.574100494384766
CGC, 0.9649995803833008, 8.268000221252441, 9.232999801635742, 0.9649995803833007, 11.003415393542332, 10.239999771118164, 7.630000114440918, 8.8979998588562, 99.48820428291664, OverBought, 9.9399995803833
CGEM, 2.630999755859375, 16.952000045776366, 19.582999801635744, 2.6309997558593747, 13.653345580484272, 25.71500015258789, 15.289999961853027, 19.137499809265137, 100, OverBought, 25.247499465942383
CHCI, 0.833739948272705, 6.356260013580322, 7.189999961853028, 0.833739948272705, 13.273366011174051, 8.289999961853027, 6.099999904632568, 6.687040042877197, 96.76472595796433, OverBought, 6.325200080871582
CLS, 2.394000244140625, 42.327999877929685, 44.72200012207031, 2.394000244140625, 5.739631495297341, 46.099998474121094, 41.209999084472656, 43.25199890136719, 99.8947792818874, OverBought, 42.16999816894531
CLSK, 1.8824798583984375, 18.323519897460937, 20.205999755859374, 1.8824798583984375, 10.084208975417788, 21.389999389648438, 17.06999969482422, 19.58000030517578, 99.4643756605727, OverBought, 18.760000228881836
CMCL, 0.5179798126220703, 9.966000175476074, 10.483979988098145, 0.5179798126220703, 5.068295490100403, 10.989999771118164, 9.670000076293945, 10.236000061035156, 99.42255473041763, OverBought, 10.270000457763672
CNTA, 0.7491800308227539, 9.069999885559081, 9.819179916381836, 0.7491800308227539, 8.611264910890094, 10.899999618530273, 8.680000305175781, 9.357999992370605, 98.72921972192246, OverBought, 9.0
COCH, 0.37600002288818357, 4.939999961853028, 5.315999984741211, 0.37600002288818357, 7.55020123389753, 5.769999980926514, 4.739999771118164, 5.080000019073486, 99.11153324539693, OverBought, 5.150000095367432
COE, 0.40400009155273436, 6.575999927520752, 6.980000019073486, 0.40400009155273436, 6.121213596823917, 7.320000171661377, 6.099999904632568, 6.775999927520752, 98.01959317259737, OverBought, 6.599999904632568
COGT, 0.4669999122619629, 6.403999996185303, 6.870999908447265, 0.4669999122619629, 7.783331871032716, 7.400000095367432, 5.880000114440918, 6.5355000495910645, 97.39500884347609, OverBought, 6.047500133514404
COIN, 13.5539794921875, 218.96199951171874, 232.51597900390624, 13.5539794921875, 6.198655110759155, 239.0, 213.63999938964844, 227.62799682617188, 99.97582188434491, OverBought, 227.8699951171875
CORT, 1.2720001220703125, 21.9060001373291, 23.178000259399415, 1.2720001220703125, 5.709156565837727, 24.229999542236328, 20.84000015258789, 22.55399971008301, 99.83816407296958, OverBought, 22.780000686645508
COYA, 0.644959831237793, 8.07404022216797, 8.719000053405761, 0.644959831237793, 7.568884870789735, 9.220000267028809, 7.820000171661377, 8.303740119934082, 100, OverBought, 8.668700218200684
CRBP, 2.7602005004882812, 34.703799438476565, 37.46399993896485, 2.7602005004882812, 8.38457063795369, 40.08000183105469, 32.02899932861328, 35.60602035522461, 99.68577067357118, OverBought, 33.55009841918945
CRMD, 0.26811981201171875, 5.1480001449584964, 5.416119956970215, 0.26811981201171875, 5.267579645855208, 5.579999923706055, 5.0, 5.273999977111816, 98.5877306310609, OverBought, 5.119999885559082
CRNC, 0.5399999618530273, 9.498000144958496, 10.038000106811523, 0.5399999618530273, 5.738575670663113, 10.420000076293945, 9.350000381469727, 9.648000144958496, 99.24801753405342, OverBought, 9.420000076293945
CSPI, 0.9479997634887696, 13.438000106811524, 14.385999870300292, 0.9479997634887696, 7.064081654987355, 15.0, 13.0, 13.92599983215332, 99.5913206900168, OverBought, 13.869999885559082
CSTE, 0.3867799758911133, 6.153999996185303, 6.540779972076416, 0.38677997589111335, 6.188479614257813, 6.809999942779541, 5.699999809265137, 6.3879999160766605, 98.71324195998804, OverBought, 6.329999923706055
CVNA, 4.866000366210938, 72.58799896240234, 77.45399932861328, 4.866000366210937, 6.3194809950791395, 81.23999786376953, 67.61000061035156, 76.09100036621093, 99.99494042078665, OverBought, 80.54499816894531
CYCCP, 1.8300000429153442, 10.399999976158142, 12.230000019073486, 1.4640000343322754, 18.300000429153442, 13.899999618530273, 7.599999904632568, 10.752500057220459, 96.41039841288666, OverBought, 10.0
CZOO, 2.9817998886108397, 7.65, 10.63179988861084, 2.98179988861084, 29.435339140422183, 13.220000267028809, 4.78000020980835, 9.259300041198731, 98.45946499447795, OverBought, 10.236499786376953
DAVE, 4.138581085205078, 38.729399871826175, 42.86798095703125, 4.138581085205078, 9.682250457225528, 45.7400016784668, 33.40299987792969, 41.545999908447264, 99.97436146131007, OverBought, 44.209999084472656
DAWN, 1.4461795806884765, 14.233820152282714, 15.679999732971192, 1.4461795806884765, 10.931806062652518, 17.389999389648438, 13.020000457763672, 14.74799976348877, 98.519252772394, OverBought, 13.319999694824219
DBI, 0.503999900817871, 9.065999984741211, 9.569999885559081, 0.503999900817871, 5.436891865477402, 9.760000228881836, 8.729999542236328, 9.392999839782714, 99.53285070424405, OverBought, 9.654999732971191
DCOM, 0.9840000152587891, 18.670000076293945, 19.654000091552735, 0.984000015258789, 5.31030749485052, 20.729999542236328, 18.350000381469727, 19.054000091552734, 99.74714458368368, OverBought, 18.84000015258789
DCTH, 0.38036022186279295, 5.167999935150147, 5.548360157012939, 0.38036022186279295, 7.190174378178201, 5.742000102996826, 4.869999885559082, 5.448600006103516, 98.66532944853414, OverBought, 5.422999858856201
DDI, 0.9795000076293945, 10.461999893188477, 11.44149990081787, 0.9795000076293945, 8.978002028677711, 11.6899995803833, 9.800000190734863, 11.202500152587891, 99.67290411964713, OverBought, 11.6225004196167
DECA, 0.48799972534179686, 8.142000198364258, 8.629999923706055, 0.4879997253417969, 5.648144744796653, 9.369999885559082, 7.880000114440918, 8.43799991607666, 100, OverBought, 8.989999771118164
DFH, 2.0080001831054686, 34.25, 36.258000183105466, 2.0080001831054686, 5.654745925143626, 37.529998779296875, 33.15999984741211, 35.590999603271484, 99.90724466033384, OverBought, 36.474998474121094
DIT, 9.733999633789063, 153.50599975585936, 163.23999938964843, 9.733999633789061, 6.1529708100902845, 168.0, 135.6999969482422, 159.6779998779297, 99.98893858239799, OverBought, 158.1999969482422
DNTH, 1.5330001831054687, 21.563999938964844, 23.097000122070312, 1.533000183105469, 7.409377204133037, 24.43000030517578, 19.729999542236328, 22.021999740600585, 99.5297620058619, OverBought, 21.139999389648438
DOGZ, 0.43297996520996096, 6.188000011444092, 6.620979976654053, 0.4329799652099609, 7.028895713233842, 7.029900074005127, 6.110000133514404, 6.327979946136475, 99.42258088080071, OverBought, 6.499899864196777
DRCT, 0.5563599586486816, 6.3, 6.856359958648682, 0.5563599586486817, 9.25723689618216, 7.678999900817871, 5.71999979019165, 6.501999950408935, 97.41528119226918, OverBought, 6.050000190734863
DTI, 0.3690000534057617, 5.014999961853027, 5.384000015258789, 0.3690000534057617, 7.29970456847745, 5.5, 4.760000228881836, 5.315999984741211, 98.83159567959909, OverBought, 5.230000019073486
DTIL, 0.5454002380371094, 9.55099983215332, 10.09640007019043, 0.5454002380371094, 5.651816161627741, 10.359999656677246, 9.149999618530273, 9.82987995147705, 99.40403212233994, OverBought, 9.699399948120117
DUOL, 11.61197509765625, 209.08600463867188, 220.69797973632814, 11.61197509765625, 5.31464817873308, 229.83999633789062, 198.07000732421875, 216.7480010986328, 99.98733143296575, OverBought, 226.4199981689453
DYN, 1.2569999694824219, 24.002000045776366, 25.25900001525879, 1.2569999694824217, 5.348936040350731, 26.329999923706055, 23.15999984741211, 24.65900001525879, 99.71018094668933, OverBought, 24.309999465942383
EBON, 0.42503995895385743, 7.552000045776367, 7.977040004730225, 0.42503995895385743, 5.449230109747126, 8.0, 7.300000190734863, 7.773040008544922, 99.63088814311831, OverBought, 7.985199928283691
ECOR, 0.31760005950927733, 5.579999923706055, 5.897599983215332, 0.31760005950927733, 5.621239896432659, 6.110000133514404, 5.429999828338623, 5.645999908447266, 99.69709172952604, OverBought, 5.71999979019165
EDBL, 1.6758000373840332, 5.258199977874756, 6.934000015258789, 1.675800037384033, 30.4690915888006, 7.769999980926514, 3.619999885559082, 6.2020000457763675, 97.25496554937655, OverBought, 5.639999866485596
EDIT, 0.31997995376586913, 5.272020053863526, 5.5920000076293945, 0.3199799537658692, 6.237304689950801, 5.920000076293945, 5.110000133514404, 5.393959903717041, 98.5200393916085, OverBought, 5.339799880981445
EDN, 0.9819999694824219, 16.18400001525879, 17.165999984741212, 0.981999969482422, 6.0430767352764425, 17.860000610351562, 15.930000305175781, 16.661999893188476, 99.62838558699461, OverBought, 16.350000381469727
EDU, 4.772000122070312, 81.23199920654297, 86.00399932861328, 4.772000122070312, 5.8480394746376385, 91.04000091552734, 72.47000122070312, 83.25200042724609, 99.8397241525811, OverBought, 82.05000305175781
EGBN, 1.120999526977539, 20.493000030517578, 21.613999557495116, 1.120999526977539, 5.8553120928391085, 22.549999237060547, 18.600000381469727, 21.097979736328124, 99.3276363113987, OverBought, 19.219900131225586
EGIO, 1.1894601821899413, 10.594539833068847, 11.784000015258789, 1.1894601821899415, 10.97014748805895, 12.949999809265137, 10.279999732971191, 11.163999938964844, 99.08763081750529, OverBought, 11.010000228881836
EH, 1.0289999008178712, 16.815000343322755, 17.844000244140624, 1.028999900817871, 5.816844939245719, 18.34000015258789, 15.699999809265137, 17.610020065307616, 99.94532367397582, OverBought, 18.030099868774414
ELF, 9.620199584960938, 166.20380249023438, 175.82400207519532, 9.620199584960938, 5.593139293581941, 181.97000122070312, 153.72000122070312, 172.99500122070313, 99.98772436572183, OverBought, 173.51499938964844
ELMD, 0.85, 15.638000106811523, 16.488000106811523, 0.85, 5.167173012629778, 16.770000457763672, 14.550000190734863, 16.29400005340576, 99.77836452434636, OverBought, 16.450000762939453
ELTX, 0.5299999237060546, 8.93799991607666, 9.467999839782715, 0.5299999237060548, 5.869323802644963, 9.899999618530273, 8.34000015258789, 9.282000160217285, 99.21019699160746, OverBought, 9.100000381469727
ELVN, 0.9785999298095703, 16.741400146484374, 17.720000076293946, 0.9785999298095703, 6.05569269214, 18.200000762939453, 16.15999984741211, 17.127000427246095, 99.52759653387177, OverBought, 16.375
ENPH, 8.023019409179687, 105.8290008544922, 113.85202026367188, 8.023019409179687, 7.323279984328246, 118.23999786376953, 98.4000015258789, 110.29000091552734, 99.94928515565073, OverBought, 112.45999908447266
ENVX, 0.3579998970031738, 5.828000068664551, 6.185999965667724, 0.35799989700317386, 6.151200798005804, 6.409999847412109, 5.699999809265137, 5.982000064849854, 99.3755900915615, OverBought, 6.039999961853027
EPIX, 0.5444000244140625, 6.158599948883056, 6.7029999732971195, 0.5444000244140625, 9.1189287026187, 7.25, 5.922999858856201, 6.227999973297119, 98.7429049617571, OverBought, 5.96999979019165
ETD, 1.4849994659423829, 30.84800033569336, 32.332999801635744, 1.4849994659423826, 5.168811310836489, 34.220001220703125, 28.290000915527344, 31.58099937438965, 99.5229605587527, OverBought, 29.375
ETNB, 0.5109998703002929, 8.561999893188476, 9.07299976348877, 0.5109998703002929, 6.239314975354096, 9.779999732971191, 8.039999961853027, 8.680000114440919, 98.59624000740641, OverBought, 8.34000015258789
EVER, 0.9894001007080078, 18.256999969482422, 19.24640007019043, 0.9894001007080078, 5.243243543746459, 19.75, 17.3799991607666, 18.940000152587892, 99.72996892728501, OverBought, 19.549999237060547
EVI, 1.097979736328125, 20.67202033996582, 21.770000076293947, 1.0979797363281252, 5.342941002142995, 22.43000030517578, 20.020000457763672, 20.888000106811525, 99.5946843938517, OverBought, 20.649999618530273
EWTX, 0.8530000686645508, 15.332999992370606, 16.186000061035156, 0.8530000686645507, 5.336253281108054, 16.780000686645508, 14.899999618530273, 15.91200008392334, 99.92574111515144, OverBought, 16.780000686645508
EYPT, 1.090000534057617, 16.2879997253418, 17.378000259399414, 1.0900005340576173, 6.964859812309577, 18.68000030517578, 15.510000228881836, 16.631999969482422, 99.43578200313947, OverBought, 16.010000228881836
FATH, 0.5185999870300293, 4.749399948120117, 5.267999935150146, 0.5185999870300293, 10.519269880072066, 5.664999961853027, 4.480000019073486, 5.026200008392334, 98.95954642975258, OverBought, 5.09499979019165
FBIOP, 1.2038801193237305, 13.381400108337402, 14.585280227661134, 1.2038801193237305, 8.917630513509115, 15.600000381469727, 12.5600004196167, 13.825480079650879, 99.22946196830117, OverBought, 14.146400451660156
FDMT, 1.5751998901367188, 23.828999710083007, 25.404199600219727, 1.5751998901367186, 6.923955561040522, 26.916000366210938, 22.75, 24.488999938964845, 99.5495145916131, OverBought, 23.46500015258789
FFWM, 0.3419999122619629, 6.652000045776367, 6.99399995803833, 0.3419999122619629, 5.377356998151207, 7.059999942779541, 6.360000133514404, 6.794999980926514, 98.34979989250336, OverBought, 6.364999771118164
FHTX, 0.36299991607666016, 5.040000057220459, 5.402999973297119, 0.36299991607666016, 6.980767872911889, 5.619999885559082, 4.800000190734863, 5.186000061035156, 100, OverBought, 5.28000020980835
FINW, 0.594999885559082, 10.268000030517578, 10.86299991607666, 0.594999885559082, 5.618506864834003, 11.210000038146973, 10.119999885559082, 10.570000076293946, 99.69666144290079, OverBought, 10.989999771118164
FIP, 0.44660005569458006, 7.099999904632568, 7.546599960327148, 0.44660005569458017, 6.168509251563222, 7.800000190734863, 6.659999847412109, 7.401000022888184, 98.9666668181907, OverBought, 7.284999847412109
FMAO, 1.0679996490478516, 20.650000381469727, 21.71800003051758, 1.0679996490478516, 5.161912138618979, 22.280000686645508, 20.360000610351562, 21.105999755859376, 99.8068946067536, OverBought, 21.489999771118164
FOSLL, 0.5579999923706055, 9.67800006866455, 10.236000061035156, 0.5579999923706054, 5.66497432244105, 10.640000343322754, 9.329999923706055, 10.039999961853027, 99.78308987263823, OverBought, 10.0
FTAI, 3.6218002319335936, 70.14199981689453, 73.76380004882813, 3.6218002319335936, 5.248225068568919, 74.98999786376953, 68.5, 72.31399993896484, 99.95785801110591, OverBought, 71.29000091552734
FTEL, 1.0640000343322753, 8.261999988555909, 9.326000022888184, 1.0640000343322755, 12.912622134550023, 9.899999618530273, 7.53000020980835, 8.871999931335449, 98.41649814178511, OverBought, 8.289999961853027
FVCB, 0.6627799987792968, 10.815220069885253, 11.478000068664551, 0.6627799987792968, 6.211563018198026, 11.680000305175781, 10.359999656677246, 11.136020088195801, 99.28161591863947, OverBought, 10.670100212097168
GATO, 0.5119998931884766, 9.672000122070312, 10.184000015258789, 0.5119998931884766, 5.064291894909426, 10.430000305175781, 9.180000305175781, 9.961999893188477, 99.7569102700044, OverBought, 10.210000038146973
GCT, 2.875440216064453, 34.818799591064455, 37.69423980712891, 2.875440216064453, 8.040940578940075, 39.189998626708984, 33.779998779296875, 36.45942001342773, 99.879608022884, OverBought, 35.93709945678711
GENK, 0.5799999237060547, 9.059000015258789, 9.638999938964844, 0.5799999237060547, 6.338797244662811, 9.979999542236328, 8.880000114440918, 9.304500198364257, 99.7326803907298, OverBought, 9.492500305175781
GFR, 0.3619998931884766, 5.631999969482422, 5.993999862670899, 0.3619998931884766, 6.295650316321331, 6.239999771118164, 5.5, 5.781999969482422, 99.03514368404988, OverBought, 5.889999866485596
GGAL, 1.7840000152587892, 29.045999908447264, 30.829999923706055, 1.7840000152587892, 6.07836453857468, 31.850000381469727, 28.170000076293945, 29.94600028991699, 99.78866156551913, OverBought, 29.6200008392334
GH, 0.8610004425048828, 17.02700004577637, 17.88800048828125, 0.8610004425048827, 5.132640608550539, 18.270000457763672, 16.770000457763672, 17.520000076293947, 99.6042587313879, OverBought, 17.40999984741211
GHRS, 0.7205999374389649, 10.73740005493164, 11.457999992370606, 0.720599937438965, 6.928845806446289, 12.260000228881836, 10.300000190734863, 11.02800006866455, 99.00611938606289, OverBought, 10.539999961853027
GL, 5.494001770019532, 71.48399963378907, 76.97800140380859, 5.494001770019531, 7.325335693359375, 82.4800033569336, 66.25, 74.47599945068359, 99.94066697266014, OverBought, 76.08999633789062
GL, 5.494001770019532, 71.48399963378907, 76.97800140380859, 5.494001770019531, 7.325335693359375, 82.4800033569336, 66.25, 74.47599945068359, 99.94066697266014, OverBought, 76.08999633789062
GLSI, 0.9734003067016601, 12.124999809265137, 13.098400115966797, 0.9734003067016602, 7.78720245361328, 13.380000114440918, 11.375, 12.657999992370605, 99.4766113810375, OverBought, 12.5
GLUE, 0.36900014877319337, 5.370999908447265, 5.740000057220459, 0.3690001487731933, 6.903651323809735, 6.045000076293945, 5.110000133514404, 5.478319931030273, 99.56553861304715, OverBought, 5.431600093841553
GOTU, 0.5419999122619629, 6.416000080108643, 6.957999992370605, 0.5419999122619629, 8.113771350152312, 7.199999809265137, 6.210000038146973, 6.704999923706055, 98.28185728214609, OverBought, 6.724999904632568
GRC, 1.588979721069336, 33.99702033996582, 35.58600006103516, 1.5889797210693357, 5.05479445904101, 37.119998931884766, 30.469999313354492, 34.54600067138672, 99.58769873578657, OverBought, 32.09000015258789
GRPN, 0.8860000610351563, 10.15999984741211, 11.045999908447266, 0.8860000610351563, 7.889582343284044, 11.670000076293945, 9.260000228881836, 10.767000198364258, 100, OverBought, 11.645000457763672
GRRR, 0.6599998474121094, 5.074000072479248, 5.733999919891358, 0.6599998474121095, 13.749996274709849, 6.489999771118164, 4.800000190734863, 5.345999908447266, 97.40001187241849, OverBought, 5.079999923706055
HCAT, 0.3679999351501465, 5.5170001029968265, 5.8850000381469725, 0.3679999351501465, 6.654609786405416, 6.059999942779541, 5.445000171661377, 5.725, 98.5010226941546, OverBought, 5.835000038146973
HCP, 2.230499267578125, 28.556500244140626, 30.78699951171875, 2.2304992675781254, 6.837303007685056, 33.0099983215332, 23.90999984741211, 30.12799949645996, 99.98595476971784, OverBought, 32.709999084472656
HE, 0.5160001754760742, 10.385999870300292, 10.902000045776367, 0.5160001754760742, 5.431580794484992, 11.09000015258789, 9.5, 10.567000007629394, 98.79639685909098, OverBought, 9.675000190734863
HIPO, 1.1420001983642578, 20.24819984436035, 21.390200042724608, 1.1420001983642578, 5.534287306504868, 21.97599983215332, 19.299999237060547, 21.118000030517578, 99.88492742050481, OverBought, 21.84000015258789
HLVX, 0.6441198348999023, 12.231859970092774, 12.875979804992676, 0.6441198348999023, 5.3724558317209805, 13.399999618530273, 11.789999961853027, 12.511000061035157, 99.37380554242931, OverBought, 12.164999961853027
HOG, 2.306000518798828, 36.26999969482422, 38.57600021362305, 2.306000518798828, 6.939514145547405, 40.13999938964844, 32.209999084472656, 37.09000015258789, 99.56804145204394, OverBought, 34.04999923706055
HOUS, 0.3059999465942383, 5.176000022888184, 5.4819999694824215, 0.3059999465942383, 6.119998931884766, 5.71999979019165, 4.800000190734863, 5.332999992370605, 97.97159018796242, OverBought, 5.224999904632568
HOWL, 0.3864001274108887, 6.014199924468994, 6.4006000518798825, 0.3864001274108887, 6.334428417243777, 6.650000095367432, 5.770999908447266, 6.296000003814697, 99.30977051638958, OverBought, 6.349999904632568
HROW, 0.5376998901367187, 10.155999946594239, 10.693699836730957, 0.5376998901367187, 5.344929102470215, 11.229999542236328, 9.859999656677246, 10.334840011596679, 99.40706337372748, OverBought, 10.484199523925781
HUDA, 0.6150000095367432, 11.297499895095825, 11.912499904632568, 0.49200000762939455, 5.234042634355261, 12.489999771118164, 11.010000228881836, 11.647500038146973, 99.42831648050272, OverBought, 11.75
HUT, 0.7729000091552735, 8.636000061035157, 9.40890007019043, 0.7729000091552735, 8.883908345976826, 9.83899974822998, 8.15999984741211, 9.131999969482422, 99.03250838104547, OverBought, 8.970000267028809
HWBK, 0.9960002899169922, 18.305999755859375, 19.302000045776367, 0.9960002899169923, 5.317673861502249, 20.200000762939453, 18.0, 18.691999435424805, 99.85156741086531, OverBought, 18.729999542236328
HZO, 1.4060001373291016, 25.795999908447264, 27.202000045776366, 1.4060001373291016, 5.667070405459584, 28.43000030517578, 22.510000228881836, 26.702000427246094, 99.6113995984984, OverBought, 25.1200008392334
IBRX, 0.7269798278808594, 4.8580201148986815, 5.584999942779541, 0.7269798278808594, 14.775711805491618, 6.190000057220459, 4.789999961853027, 5.169000053405762, 97.1664253808761, OverBought, 5.485000133514404
IBTX, 2.1340003967285157, 39.635999298095705, 41.76999969482422, 2.1340003967285157, 5.483043415020656, 44.33000183105469, 38.91999816894531, 40.420999145507814, 99.82970963095791, OverBought, 39.60499954223633
ICG, 0.9030000686645507, 8.506999969482422, 9.410000038146972, 0.9030000686645507, 10.62353021958295, 10.300000190734863, 8.300000190734863, 8.875399971008301, 98.49283755587514, OverBought, 8.579999923706055
IDR, 0.5048799514770508, 8.980399894714356, 9.485279846191407, 0.5048799514770508, 5.603550928429972, 9.704999923706055, 8.800000190734863, 9.170000076293945, 99.14270478760488, OverBought, 9.149999618530273
IE, 0.6529998779296875, 9.397000122070313, 10.05, 0.6529998779296875, 6.714651437689717, 10.609999656677246, 9.119999885559082, 9.695999908447266, 99.61505593065449, OverBought, 10.100000381469727
IGMS, 0.8579401016235352, 7.007999897003174, 7.865939998626709, 0.8579401016235352, 11.578139261678457, 8.65999984741211, 6.389999866485596, 7.55, 99.34751547525168, OverBought, 7.690000057220459
IIIN, 1.689999771118164, 32.766000747680664, 34.45600051879883, 1.689999771118164, 5.331229433577638, 35.40999984741211, 31.260000228881836, 33.246999740600586, 99.72132988888669, OverBought, 31.905000686645508
IMNM, 0.8155996322631835, 14.288400077819825, 15.103999710083007, 0.8155996322631835, 5.944603617998392, 16.059999465942383, 13.720000267028809, 14.480000114440918, 99.36663299472463, OverBought, 13.930000305175781
INDI, 0.38700017929077146, 5.1949999809265135, 5.5820001602172855, 0.38700017929077146, 7.127075350372139, 5.760000228881836, 4.989999771118164, 5.394999980926514, 99.70182186409593, OverBought, 5.644999980926514
INFU, 0.39250004291534424, 7.697499990463257, 8.090000033378601, 0.31400003433227536, 5.184941004158562, 8.380000114440918, 7.570000171661377, 7.807500004768372, 99.25989651797943, OverBought, 7.610000133514404
INGN, 0.34748010635375975, 6.573519897460938, 6.921000003814697, 0.3474801063537598, 5.372628384625252, 7.070000171661377, 6.420000076293945, 6.732000064849854, 98.61560079176694, OverBought, 6.53000020980835
INLX, 0.44162487983703613, 7.183375000953674, 7.6249998807907104, 0.35329990386962895, 6.1221997426460915, 7.920000076293945, 7.0, 7.462499976158142, 99.54360726756303, OverBought, 7.460000038146973
INMB, 1.1561201095581055, 9.75399990081787, 10.910120010375977, 1.1561201095581055, 10.675162675001, 11.395600318908691, 8.399999618530273, 10.677000045776367, 99.5326986322368, OverBought, 11.15999984741211
INO, 0.6959798812866211, 9.818000030517577, 10.5139799118042, 0.695979881286621, 6.890889653464982, 10.819999694824219, 9.289999961853027, 10.204000091552734, 99.74498513739702, OverBought, 10.34000015258789
INOD, 0.5619999885559082, 5.623999977111817, 6.185999965667724, 0.5619999885559082, 9.894366294730874, 6.920000076293945, 5.460000038146973, 5.839739990234375, 97.94207436319235, OverBought, 5.748700141906738
IONQ, 0.4759997367858887, 7.73100004196167, 8.206999778747559, 0.4759997367858886, 5.836906834728528, 8.609999656677246, 7.119999885559082, 8.08199987411499, 99.96323018155242, OverBought, 8.569999694824219
IQ, 0.24500007629394532, 4.499999904632569, 4.744999980926513, 0.24500007629394532, 5.010226645875656, 5.09499979019165, 4.039999961853027, 4.707000064849853, 100, OverBought, 5.005000114440918
IRBT, 0.5439999580383301, 6.664000034332275, 7.207999992370605, 0.5439999580383301, 8.035449919807542, 7.670000076293945, 6.480000019073486, 6.9899999618530275, 99.87658436732144, OverBought, 7.599999904632568
IREN, 0.4210601806640625, 5.06599988937378, 5.487060070037842, 0.4210601806640625, 8.321347538054855, 5.695000171661377, 4.849999904632568, 5.3300200462341305, 98.25844941160875, OverBought, 5.140100002288818
IRON, 1.5913005828857423, 26.398699951171874, 27.990000534057618, 1.5913005828857423, 6.205473596458469, 29.0, 25.64349937438965, 26.971999740600587, 99.8902821694526, OverBought, 27.059999465942383
JAKK, 1.0240005493164062, 20.957999801635744, 21.98200035095215, 1.0240005493164062, 5.302954829814813, 23.760000228881836, 18.420000076293945, 21.58199996948242, 99.21395332191236, OverBought, 19.510000228881836
JANX, 3.0220001220703123, 46.369999694824216, 49.39199981689453, 3.0220001220703123, 6.47663980272799, 50.41999816894531, 44.709999084472656, 48.14999923706055, 99.87206549283582, OverBought, 46.779998779296875
JBLU, 0.37599983215332033, 6.034000110626221, 6.409999942779541, 0.3759998321533203, 6.654864173570749, 7.579999923706055, 5.570000171661377, 6.178999996185302, 96.12531239057985, OverBought, 5.65500020980835
JELD, 1.1649993896484374, 18.776000213623046, 19.940999603271486, 1.1649993896484376, 5.566169960161656, 21.735000610351562, 18.110000610351562, 19.745999908447267, 99.95477575533847, OverBought, 21.700000762939453
JOBY, 0.27900009155273436, 4.755999946594239, 5.035000038146973, 0.27900009155273436, 5.51383586379005, 5.309999942779541, 4.5, 4.960999965667725, 100, OverBought, 5.255000114440918
JSPR, 1.4643203735351562, 21.261659622192383, 22.72597999572754, 1.4643203735351564, 6.919476455457074, 24.610000610351562, 20.549999237060547, 21.846000289916994, 99.72020768370764, OverBought, 21.389999389648438
KALV, 0.5220003128051758, 10.64799976348877, 11.170000076293945, 0.5220003128051758, 5.082768155190941, 11.779999732971191, 10.104999542236328, 10.815999984741211, 99.0831142776885, OverBought, 10.59000015258789
KARO, 1.804999828338623, 27.642500400543213, 29.447500228881836, 1.4439998626708985, 6.079487355576483, 32.0, 26.75, 28.848750114440918, 99.81013272179975, OverBought, 29.690000534057617
KLXE, 0.3809999465942383, 6.9440000534057615, 7.325, 0.3809999465942383, 5.435091785368052, 7.559999942779541, 6.860000133514404, 7.146000003814697, 99.04966589086908, OverBought, 7.019999980926514
KPLT, 0.8562400817871094, 8.913799858093261, 9.770039939880371, 0.8562400817871094, 9.108937409946256, 11.475199699401855, 8.520000457763672, 9.473119926452636, 99.79386540377402, OverBought, 10.720600128173828
KROS, 2.7147979736328125, 54.61120071411133, 57.32599868774414, 2.7147979736328125, 5.014403406424644, 59.599998474121094, 53.2400016784668, 55.373999786376956, 99.91429099884668, OverBought, 55.470001220703125
LBPH, 1.3480003356933594, 18.676999664306642, 20.025, 1.3480003356933592, 7.139832603883576, 20.719999313354492, 17.5, 19.381999969482422, 99.63237274046767, OverBought, 18.969999313354492
LE, 0.7356002807617188, 12.828399848937988, 13.564000129699707, 0.7356002807617188, 5.693500591469989, 13.949999809265137, 12.569999694824219, 13.210000038146973, 99.5757043614819, OverBought, 13.020000457763672
LFCR, 0.35399999618530276, 6.2779998779296875, 6.631999874114991, 0.35399999618530276, 5.363636383340379, 6.75, 6.099999904632568, 6.471999931335449, 99.65447931055793, OverBought, 6.650000095367432
LFMD, 0.55, 10.405999946594239, 10.955999946594238, 0.55, 5.059797661365952, 11.380000114440918, 9.6899995803833, 10.845999908447265, 99.6686381247392, OverBought, 11.359999656677246
LFVN, 0.44977989196777346, 6.052020072937012, 6.5017999649047855, 0.4497798919677734, 7.496206426354286, 6.71999979019165, 6.0, 6.2450000762939455, 99.29114175789748, OverBought, 6.360000133514404
LGVC, 1.069999885559082, 6.476000022888184, 7.545999908447266, 1.069999885559082, 16.18759249540566, 8.0, 6.099999904632568, 6.744000053405761, 99.51232671676755, OverBought, 6.800000190734863
LIND, 0.37335996627807616, 7.242000102996826, 7.615360069274902, 0.37335996627807616, 5.114519952368542, 7.920000076293945, 7.130000114440918, 7.380000019073487, 99.31953929857632, OverBought, 7.320000171661377
LOB, 1.990399169921875, 36.07060012817383, 38.0609992980957, 1.990399169921875, 5.959278679612272, 39.959999084472656, 32.54999923706055, 37.0859992980957, 99.57521532134578, OverBought, 33.61000061035156
LRMR, 0.35084009170532227, 6.211999988555908, 6.56284008026123, 0.3508400917053223, 5.577743940112285, 6.880000114440918, 5.909999847412109, 6.419000053405762, 99.63059675492806, OverBought, 6.445000171661377
LTRN, 0.5584000587463379, 5.38100004196167, 5.939400100708008, 0.5584000587463379, 10.227107231593518, 6.070000171661377, 5.210000038146973, 5.619519996643066, 98.61139343631454, OverBought, 5.767600059509277
LUNR, 0.28299999237060547, 5.203000068664551, 5.486000061035156, 0.28299999237060547, 5.27985047241128, 5.570000171661377, 5.03000020980835, 5.408999919891357, 99.69992304473882, OverBought, 5.505000114440918
LVWR, 0.7909999847412109, 6.74399995803833, 7.534999942779541, 0.790999984741211, 12.169230534480167, 7.889999866485596, 6.5, 7.084020042419434, 97.35094253416909, OverBought, 6.500100135803223
LWAY, 1.32239990234375, 20.26959991455078, 21.591999816894532, 1.3223999023437498, 6.122788816108557, 22.68000030517578, 19.020000457763672, 21.107999801635742, 100, OverBought, 22.25
LZM, 0.8750201225280761, 7.346979999542237, 8.222000122070312, 0.8750201225280761, 10.417029691639378, 8.890000343322754, 6.59499979019165, 7.82199993133545, 100, OverBought, 8.619999885559082
MAMA, 0.3879800796508789, 5.1040199279785154, 5.492000007629395, 0.3879800796508789, 6.990506300022433, 6.070000171661377, 4.75, 5.358060073852539, 99.6377755133365, OverBought, 5.930300235748291
MARA, 1.72997989654541, 17.558020210266115, 19.288000106811523, 1.7299798965454103, 9.192192519970046, 20.040000915527344, 15.539999961853027, 18.834000015258788, 99.86696607608914, OverBought, 19.079999923706055
MASS, 0.30140008926391604, 5.497599983215332, 5.799000072479248, 0.301400089263916, 5.4404348617198055, 6.090000152587891, 5.400000095367432, 5.59399995803833, 99.65359235205096, OverBought, 5.639999866485596
MBLY, 1.8580005645751954, 29.453999710083007, 31.312000274658203, 1.8580005645751951, 6.57932216584302, 33.040000915527344, 28.239999771118164, 30.30800018310547, 99.76207027980033, OverBought, 28.969999313354492
MDGL, 13.68800048828125, 198.18200073242187, 211.87000122070313, 13.68800048828125, 7.242328300677911, 225.66000366210938, 189.0, 204.60800170898438, 99.94141242837671, OverBought, 192.13999938964844
MDRX, 0.4520000457763672, 7.611999988555908, 8.064000034332276, 0.45200004577636715, 5.728771272814981, 8.260000228881836, 7.409999847412109, 7.9039998054504395, 99.77754304323508, OverBought, 7.909999847412109
MDWD, 1.0631996154785157, 16.402800369262696, 17.46599998474121, 1.0631996154785157, 6.025500639818435, 18.25, 15.25, 17.120000076293945, 100, OverBought, 18.18000030517578
MEDP, 23.72099609375, 377.87000732421876, 401.59100341796875, 23.720996093750003, 6.078176419456556, 421.0, 355.7900085449219, 392.722998046875, 99.9885057827912, OverBought, 392.875
MEDS, 0.5847999572753906, 6.180200004577637, 6.764999961853027, 0.5847999572753906, 9.861719632447796, 7.079999923706055, 5.929999828338623, 6.45, 98.93432080583042, OverBought, 6.380000114440918
MESO, 0.309999942779541, 5.772000122070312, 6.082000064849853, 0.309999942779541, 5.132449416182369, 6.28000020980835, 5.260000228881836, 6.001780033111572, 99.615878834602, OverBought, 6.10890007019043
MGNX, 1.0489997863769531, 14.88700008392334, 15.935999870300293, 1.0489997863769531, 7.338228616847352, 16.584999084472656, 14.130000114440918, 15.203999900817871, 99.16663495546717, OverBought, 14.3100004196167
MINDP, 0.45393962860107423, 8.196760177612305, 8.650699806213378, 0.4539396286010742, 5.3506639962256815, 8.989999771118164, 8.020000457763672, 8.372760009765624, 99.14351953125225, OverBought, 8.483799934387207
MNMD, 0.48800010681152345, 8.4, 8.888000106811523, 0.48800010681152345, 5.8373220915356265, 9.350000381469727, 8.170000076293945, 8.642000198364258, 99.40541162486377, OverBought, 8.680000305175781
MNSB, 0.8850000381469727, 15.492999839782716, 16.37799987792969, 0.8850000381469726, 5.653146299856289, 17.229999542236328, 15.210000038146973, 15.832000160217286, 99.68471305257505, OverBought, 15.699999809265137
MODV, 1.6179996490478517, 22.14600028991699, 23.763999938964844, 1.6179996490478517, 6.977143647200883, 24.969999313354492, 21.030000686645508, 23.382000350952147, 99.76582778169018, OverBought, 23.6200008392334
MPAA, 0.31200008392333983, 5.472000026702881, 5.784000110626221, 0.31200008392333983, 5.641954287270319, 5.960000038146973, 5.389999866485596, 5.596000099182129, 99.4632955511791, OverBought, 5.690000057220459
MPTI, 2.135120391845703, 24.971279907226563, 27.106400299072266, 2.1351203918457027, 8.181666622691708, 28.53499984741211, 23.200000762939453, 26.414200210571288, 99.83018980246084, OverBought, 26.490999221801758
MRVI, 0.39400014877319334, 7.4079999923706055, 7.8020001411437985, 0.3940001487731934, 5.253335316975911, 8.100000381469727, 7.260000228881836, 7.625999927520752, 99.7182491915113, OverBought, 7.789999961853027
MSTR, 93.0099853515625, 1234.4080078125, 1327.4179931640624, 93.00998535156249, 7.725017615897397, 1394.449951171875, 1201.1400146484375, 1285.74599609375, 99.99437172516855, OverBought, 1259.9998779296875
MTR, 0.6051200866699219, 9.776880073547364, 10.382000160217284, 0.6051200866699219, 6.427601123776479, 11.350000381469727, 9.300000190734863, 9.832880020141602, 99.00498810768103, OverBought, 9.414400100708008
MUX, 0.5959999084472656, 10.934000015258789, 11.529999923706054, 0.5959999084472656, 5.028686268594818, 12.270000457763672, 10.565999984741211, 11.379839897155762, 99.82919797756706, OverBought, 12.059200286865234
MXL, 1.0579998016357421, 19.97400016784668, 21.03199996948242, 1.0579998016357421, 5.183732530845126, 21.829999923706055, 19.489999771118164, 20.576000213623047, 99.9342011176116, OverBought, 20.670000076293945
MYNA, 0.29250001907348633, 5.490100026130676, 5.782600045204163, 0.23400001525878905, 5.008218753977623, 5.880000114440918, 5.119999885559082, 5.553850054740906, 98.9276079733009, OverBought, 5.840400218963623
NAMS, 1.2434001922607423, 20.62159996032715, 21.86500015258789, 1.2434001922607423, 5.88452551654352, 22.280000686645508, 19.90999984741211, 21.334000015258788, 99.91460312417419, OverBought, 21.75
NAMSW, 0.5124998092651367, 9.759999990463257, 10.272499799728394, 0.4099998474121094, 5.349684899234054, 11.5, 9.470000267028809, 10.022499799728394, 98.96069765205115, OverBought, 9.579999923706055
NBR, 4.390000915527343, 75.30999908447265, 79.7, 4.390000915527343, 5.853334554036458, 82.83999633789062, 74.02999877929688, 77.79199981689453, 99.92155409157107, OverBought, 75.94000244140625
NCTY, 0.34999990463256836, 6.448000049591064, 6.7979999542236325, 0.34999990463256836, 5.263156385161373, 7.199999809265137, 6.150000095367432, 6.656999969482422, 100, OverBought, 7.065000057220459
NFBK, 0.4239799499511719, 8.454019927978516, 8.877999877929687, 0.42397994995117183, 5.151577338516098, 8.989999771118164, 8.079999923706055, 8.687999725341797, 99.02767273784957, OverBought, 8.479999542236328
NISN, 1.0739998817443848, 6.939999961853028, 8.013999843597412, 1.0739998817443848, 13.242909090139396, 8.850000381469727, 5.28000020980835, 7.7179999351501465, 98.93797638920414, OverBought, 8.220000267028809
NKTX, 0.5260000228881836, 6.903999996185303, 7.4300000190734865, 0.5260000228881836, 8.030534466735185, 7.820000171661377, 6.46999979019165, 7.102000045776367, 97.90752128240189, OverBought, 6.570000171661377
NMRA, 0.694400405883789, 9.509999656677246, 10.204400062561035, 0.694400405883789, 7.8730207472827844, 10.739999771118164, 8.819999694824219, 9.67800006866455, 98.553886868352, OverBought, 9.029999732971191
NN, 0.5617999076843262, 8.250000095367431, 8.811800003051758, 0.5617999076843262, 6.776838483347225, 8.928999900817871, 7.934999942779541, 8.575, 99.3311302196406, OverBought, 8.845000267028809
NRIX, 0.8071998596191406, 12.972000312805175, 13.779200172424316, 0.8071998596191406, 6.627256481070271, 14.4399995803833, 12.180000305175781, 13.259999847412109, 98.99684796823526, OverBought, 12.479999542236328
NRT, 0.39800004959106444, 6.767980003356934, 7.165980052947998, 0.39800004959106444, 5.685796330126989, 7.469900131225586, 6.590000152587891, 6.977860069274902, 99.14165400007359, OverBought, 7.039299964904785
NTIC, 1.1399797439575194, 15.798020172119141, 16.93799991607666, 1.1399797439575194, 6.678225034300227, 17.549999237060547, 15.0, 16.802999687194824, 100, OverBought, 17.434999465942383
NTLA, 1.1158000946044921, 20.48400001525879, 21.59980010986328, 1.1158000946044921, 5.760454549617107, 22.850000381469727, 19.3700008392334, 20.98200035095215, 99.59494325823914, OverBought, 20.360000610351562
NVCT, 0.4460000991821289, 6.495999908447265, 6.942000007629394, 0.44600009918212885, 6.9093741975765, 7.388999938964844, 6.324999809265137, 6.673000049591065, 98.23248948845219, OverBought, 6.454999923706055
NVNO, 0.42400007247924804, 4.909999942779541, 5.334000015258789, 0.4240000724792481, 8.217055911191478, 5.599999904632568, 4.639999866485596, 5.207459926605225, 98.51002534431086, OverBought, 5.177299976348877
NVRO, 0.5960002899169922, 11.917999839782714, 12.514000129699706, 0.5960002899169922, 5.193902135981071, 13.300000190734863, 11.475000381469727, 12.13700008392334, 99.0908291968235, OverBought, 11.494999885559082
NWGL, 1.8025999069213867, 13.786400032043456, 15.588999938964843, 1.8025999069213867, 19.700546252164006, 17.209999084472656, 9.149999618530273, 14.900020027160645, 98.17382747312803, OverBought, 12.500100135803223
NWTN, 0.5807798385620118, 6.621220111846924, 7.201999950408935, 0.5807798385620117, 8.866732597801997, 7.489999771118164, 6.550000190734863, 6.968000030517578, 98.67955259894272, OverBought, 6.71999979019165
NYXH, 0.8959798812866211, 10.038019943237305, 10.933999824523926, 0.895979881286621, 9.180027333822737, 11.354999542236328, 9.760100364685059, 10.59699993133545, 98.71882713711388, OverBought, 10.0
OCN, 1.5049999237060547, 23.721000289916994, 25.226000213623045, 1.5049999237060547, 6.397449301213122, 25.8700008392334, 23.25, 24.486000061035156, 99.74748216080356, OverBought, 23.75
ODFL, 12.077999877929688, 196.43800354003906, 208.51600341796876, 12.077999877929688, 6.661886196704388, 220.32000732421875, 181.3000030517578, 201.3679992675781, 99.91767097752336, OverBought, 184.25
OMAB, 4.305999755859375, 78.58400115966796, 82.89000091552734, 4.305999755859375, 5.096460959559152, 86.51000213623047, 74.66000366210938, 82.10800018310547, 99.99072252905735, OverBought, 86.47000122070312
ONCT, 0.43400001525878906, 8.339999961853028, 8.773999977111817, 0.43400001525878906, 5.425000190734863, 9.079999923706055, 8.0, 8.42400016784668, 98.81980342078116, OverBought, 8.0
ONEW, 1.1680000305175782, 22.46800003051758, 23.636000061035155, 1.1680000305175782, 5.543426898124226, 24.68000030517578, 20.290000915527344, 22.9439395904541, 99.41235602555399, OverBought, 22.269699096679688
OOMA, 0.3412200927734375, 6.673819923400879, 7.015040016174316, 0.34122009277343746, 5.048306649942222, 7.190000057220459, 6.5, 6.842000102996826, 99.07180878012501, OverBought, 6.78000020980835
OPAD, 0.4199997901916504, 7.536000061035156, 7.955999851226807, 0.41999979019165035, 5.194802575262715, 8.199999809265137, 7.329999923706055, 7.8199999809265135, 99.95889957768486, OverBought, 8.15999984741211
OPRA, 0.7164800643920899, 13.614019966125488, 14.330500030517578, 0.7164800643920899, 5.554066077290639, 14.680000305175781, 12.850000381469727, 13.97599983215332, 99.12672180380682, OverBought, 12.9399995803833
OPRX, 0.5760002136230469, 8.871999740600586, 9.447999954223633, 0.5760002136230469, 6.121150084624662, 10.069999694824219, 8.4399995803833, 9.204999923706055, 99.32854472804276, OverBought, 10.03499984741211
ORIC, 0.49714012145996095, 8.152199840545654, 8.649339962005616, 0.497140121459961, 6.431308153082617, 9.430000305175781, 7.619999885559082, 8.216000175476074, 98.35705611483162, OverBought, 7.840000152587891
ORN, 0.6590001106262207, 7.176999950408936, 7.836000061035156, 0.6590001106262208, 9.095929896972896, 8.25, 6.170000076293945, 7.566000080108642, 98.8296684648029, OverBought, 7.400000095367432
OSCR, 0.9150003433227539, 16.653999900817873, 17.569000244140625, 0.9150003433227538, 5.187076955681174, 18.200000762939453, 15.470000267028809, 17.356999969482423, 99.93968994992407, OverBought, 17.725000381469727
OTLK, 0.4679997444152832, 7.986999988555908, 8.454999732971192, 0.46799974441528325, 5.752916180060271, 8.65999984741211, 7.800000190734863, 8.201999855041503, 99.98287622268987, OverBought, 8.329999923706055
OUST, 0.6729999542236328, 7.140999984741211, 7.813999938964844, 0.6729999542236329, 8.949467499077238, 8.399999618530273, 6.849999904632568, 7.568000030517578, 99.7246158858314, OverBought, 8.34000015258789
PALI, 0.9560200691223144, 5.477999973297119, 6.434020042419434, 0.9560200691223144, 16.398286134360443, 8.170000076293945, 4.659999847412109, 5.883999919891357, 98.65236510810489, OverBought, 5.989999771118164
PBYI, 0.2820000648498535, 4.891999912261963, 5.173999977111817, 0.2820000648498535, 5.790555882476772, 5.340000152587891, 4.71999979019165, 5.0100000381469725, 98.45265238247121, OverBought, 5.039999961853027
PCT, 0.2880000114440918, 4.923000049591065, 5.211000061035156, 0.2880000114440918, 5.7370520425965665, 5.340000152587891, 4.78000020980835, 5.044000053405762, 99.37699704727939, OverBought, 5.079999923706055
PEGR, 1.0070799827575683, 8.038919925689697, 9.045999908447266, 1.0070799827575683, 11.811038355903305, 9.930000305175781, 7.5, 8.649319839477538, 98.71783495918065, OverBought, 8.526599884033203
PEPG, 0.8157197952270507, 10.998280143737793, 11.813999938964844, 0.8157197952270508, 7.24350239837052, 11.970000267028809, 10.21500015258789, 11.628000068664551, 99.7314285069061, OverBought, 11.5
PGSS, 0.615999984741211, 10.58400001525879, 11.2, 0.615999984741211, 5.519713200390904, 11.420000076293945, 10.0, 11.036000061035157, 99.76313232927697, OverBought, 11.15999984741211
PGY, 0.6897998809814453, 9.072999954223633, 9.762799835205078, 0.6897998809814453, 7.148185577716158, 10.329999923706055, 8.5600004196167, 9.531999969482422, 100, OverBought, 10.3100004196167
PHR, 1.1240001678466798, 21.269999694824218, 22.3939998626709, 1.1240001678466796, 5.464269249014615, 23.68000030517578, 20.270000457763672, 21.739999771118164, 99.44700306397789, OverBought, 20.75
PHUN, 0.46339988708496094, 6.064200115203858, 6.5276000022888185, 0.463399887084961, 7.534957396732773, 6.5980000495910645, 6.0, 6.24399995803833, 99.45734957146823, OverBought, 6.440000057220459
PHVS, 3.261000061035156, 20.184000396728514, 23.445000457763673, 3.2610000610351566, 14.689188959304225, 25.440000534057617, 17.56999969482422, 22.216000366210938, 99.99063243766089, OverBought, 24.899999618530273
PI, 11.013998413085938, 126.26900177001953, 137.28300018310546, 11.013998413085938, 7.6475476227936765, 156.41000366210938, 116.19999694824219, 133.51100158691406, 99.9361275866484, OverBought, 147.14500427246094
PIRS, 0.7795801162719727, 11.29699993133545, 12.076580047607422, 0.7795801162719727, 6.778957532799762, 12.930000305175781, 11.154999732971191, 11.782000160217285, 99.68840765877262, OverBought, 11.699999809265137
PKST, 0.8519998550415039, 13.561000061035156, 14.41299991607666, 0.8519998550415038, 6.107525926098101, 14.845000267028809, 12.949999809265137, 14.076000022888184, 99.63772064305316, OverBought, 14.079999923706055
PLCE, 0.5479800224304199, 6.948020076751709, 7.496000099182129, 0.5479800224304199, 8.094119924110057, 8.270000457763672, 6.679999828338623, 7.173999977111817, 98.57746731935677, OverBought, 7.150000095367432
PLL, 0.7269800186157227, 11.043000030517579, 11.7699800491333, 0.7269800186157226, 6.382616301165483, 11.970000267028809, 10.824999809265137, 11.401999855041504, 99.56858154839713, OverBought, 11.609999656677246
PLUR, 0.3745600700378418, 4.9, 5.274560070037841, 0.3745600700378418, 7.9188175164365155, 5.510000228881836, 4.730000019073486, 5.0685601234436035, 99.05418294183981, OverBought, 5.342800140380859
POWL, 7.719979858398437, 139.81001892089844, 147.52999877929688, 7.719979858398437, 5.348094655801697, 157.25, 130.75, 144.15281982421874, 99.98247048454647, OverBought, 145.7041015625
PPIH, 0.3879800796508789, 7.046000003814697, 7.433980083465576, 0.3879800796508789, 5.3662528164225085, 8.149900436401367, 6.849999904632568, 7.270019912719727, 99.8626666095048, OverBought, 8.100099563598633
PPTA, 0.3111001968383789, 5.898799896240234, 6.2099000930786135, 0.311100196838379, 5.4388148295361285, 6.400000095367432, 5.699999809265137, 6.029979991912842, 98.18181937623415, OverBought, 5.869900226593018
PRAX, 3.6569610595703126, 48.27803955078125, 51.935000610351565, 3.656961059570312, 7.059198124322541, 54.9900016784668, 45.060001373291016, 51.11920013427734, 100, OverBought, 54.95600128173828
PRCT, 2.727799987792969, 50.64820022583008, 53.376000213623044, 2.727799987792969, 5.282339310677401, 54.790000915527344, 49.000999450683594, 52.27599945068359, 99.92260068871002, OverBought, 51.68000030517578
PRG, 1.744999313354492, 33.088999557495114, 34.83399887084961, 1.7449993133544923, 5.127073075298324, 36.599998474121094, 31.780000686645508, 33.9359992980957, 99.85643360668969, OverBought, 34.06999969482422
PRPO, 0.29406013488769533, 5.942739963531494, 6.23680009841919, 0.29406013488769533, 5.059795612379306, 6.329999923706055, 5.710000038146973, 6.065340042114258, 97.5639695191558, OverBought, 5.811699867248535
PTCT, 1.6089996337890624, 24.972000503540038, 26.581000137329102, 1.6089996337890624, 6.268015695391297, 28.4950008392334, 23.9950008392334, 26.05399971008301, 99.88280886560817, OverBought, 28.190000534057617
PTGX, 1.2330005645751954, 25.327999877929688, 26.561000442504884, 1.2330005645751954, 5.090836496825745, 27.780000686645508, 24.219999313354492, 25.72364044189453, 99.67598514057313, OverBought, 24.798200607299805
PTWO, 0.8594999313354492, 13.14050006866455, 14.0, 0.6875999450683594, 6.139285223824637, 15.0, 12.0, 13.772500038146973, 99.5660184402618, OverBought, 14.0
QS, 0.3155999183654785, 5.2020000457763675, 5.517599964141846, 0.3155999183654785, 6.176123485703798, 5.710000038146973, 4.920000076293945, 5.3839599609375, 98.050803992024, OverBought, 5.359799861907959
QUIK, 0.714000129699707, 12.263999938964844, 12.978000068664551, 0.714000129699707, 5.368421950828983, 13.930000305175781, 11.4399995803833, 12.747999954223634, 100, OverBought, 13.84000015258789
RANI, 0.7964001655578613, 6.353999900817871, 7.150400066375733, 0.7964001655578613, 12.541735079032945, 7.650000095367432, 6.239999771118164, 6.697999954223633, 98.9361448996651, OverBought, 6.579999923706055
RCEL, 0.5269998550415039, 8.389000129699706, 8.91599998474121, 0.5269998550415039, 6.285030896317351, 9.270000457763672, 8.010000228881836, 8.569999885559081, 98.99731109298277, OverBought, 8.449999809265137
RCUS, 0.7819999694824219, 14.605999946594238, 15.38799991607666, 0.7819999694824218, 5.359835238546692, 15.850000381469727, 14.510000228881836, 15.052199935913086, 99.63850000350737, OverBought, 14.920999526977539
RDFN, 0.30119991302490234, 5.169000053405762, 5.470199966430664, 0.30119991302490234, 5.797880713612714, 5.710000038146973, 5.099999904632568, 5.333999919891357, 99.18589244600255, OverBought, 5.550000190734863
RENT, 1.0897598266601562, 11.213240242004394, 12.30300006866455, 1.0897598266601562, 9.608858310257808, 13.359999656677246, 10.805000305175781, 11.66399974822998, 99.49805317390783, OverBought, 11.4399995803833
REPL, 0.42137994766235354, 6.144999980926514, 6.5663799285888675, 0.4213799476623535, 6.953464548533958, 6.769999980926514, 5.860000133514404, 6.30600004196167, 99.22417632715579, OverBought, 6.210000038146973
RGC, 1.217250108718872, 5.287750005722046, 6.505000114440918, 0.9738000869750977, 22.752338886302677, 8.600000381469727, 5.050000190734863, 5.647499918937683, 96.14358557363065, OverBought, 5.349999904632568
RGNX, 0.8579998016357422, 15.462000274658203, 16.320000076293944, 0.8579998016357422, 5.458013912603516, 16.65999984741211, 15.180000305175781, 15.976000022888183, 100, OverBought, 16.239999771118164
RGS, 0.3587800025939941, 5.3920001029968265, 5.75078010559082, 0.3587800025939942, 6.523272774436256, 5.900000095367432, 5.340000152587891, 5.552779960632324, 100, OverBought, 5.753900051116943
RILY, 5.021980285644531, 25.873999786376952, 30.895980072021484, 5.021980285644531, 14.662716162465786, 39.839900970458984, 19.75, 29.027999496459962, 100, OverBought, 37.439998626708984
RILYZ, 0.826200294494629, 15.156199836730957, 15.982400131225585, 0.826200294494629, 5.122134764298169, 17.200000762939453, 13.960000038146973, 15.644000053405762, 99.82747839698155, OverBought, 16.700000762939453
RIOT, 1.1237998962402345, 11.008200073242188, 12.131999969482422, 1.1237998962402342, 9.499576529905632, 12.649999618530273, 9.581000328063965, 11.821739959716798, 99.93496538762518, OverBought, 12.02869987487793
RIVN, 0.4553998947143555, 8.530599975585938, 8.985999870300294, 0.4553998947143555, 5.357645820168888, 9.239999771118164, 8.3149995803833, 8.817500114440918, 99.26369897404916, OverBought, 8.897500038146973
RLAY, 0.40599994659423827, 5.834000110626221, 6.240000057220459, 0.40599994659423827, 6.755406508025621, 6.485000133514404, 5.699999809265137, 6.152999973297119, 99.234122520052, OverBought, 6.409999847412109
RMBL, 0.3027998924255371, 4.932999992370606, 5.235799884796142, 0.3027998924255371, 6.031870389960659, 5.434999942779541, 4.820000171661377, 5.075779914855957, 98.63285465707457, OverBought, 5.118899822235107
RNA, 1.4560001373291016, 23.677999877929686, 25.13400001525879, 1.4560001373291014, 6.198382935360044, 26.020000457763672, 22.75, 24.413999938964842, 99.77548410107813, OverBought, 23.850000381469727
ROKU, 3.1831787109375, 58.30882110595703, 61.491999816894534, 3.1831787109375003, 5.6741050862198215, 63.209999084472656, 56.100101470947266, 60.49600067138672, 99.85437441703594, OverBought, 57.529998779296875
ROOT, 4.9118797302246096, 55.78612060546875, 60.69800033569336, 4.9118797302246096, 8.148088664724975, 63.75, 50.08399963378906, 59.81800003051758, 100, OverBought, 62.77000045776367
RUN, 0.7060197830200196, 9.73838005065918, 10.4443998336792, 0.7060197830200196, 7.27038442082227, 11.104999542236328, 9.46500015258789, 10.018000221252441, 99.39657286188789, OverBought, 10.039999961853027
RWOD, 1.3460000038146973, 6.292000007629395, 7.638000011444092, 1.3460000038146973, 24.035714763159664, 9.25, 4.980000019073486, 7.013000106811523, 95.80677319247059, OverBought, 6.650000095367432
RXRX, 0.42400026321411133, 7.560999965667724, 7.985000228881836, 0.42400026321411133, 5.520836884000729, 8.270000457763672, 7.204999923706055, 7.801000022888184, 99.8111143654625, OverBought, 7.925000190734863
SAGE, 0.8431999206542968, 13.204800224304199, 14.048000144958497, 0.8431999206542969, 6.30194255188562, 14.970000267028809, 12.744000434875488, 13.409000015258789, 99.75018835165719, OverBought, 13.625
SAIA, 33.27799072265625, 499.8799987792969, 533.1579895019531, 33.27799072265625, 7.695222518972836, 552.4000244140625, 432.45001220703125, 516.0000122070312, 99.95726709664311, OverBought, 440.25
SCOR, 0.7739997863769531, 13.960000038146973, 14.733999824523925, 0.7739997863769531, 5.624998353941523, 15.119999885559082, 13.760000228881836, 14.431999969482423, 99.58247647078304, OverBought, 14.279999732971191
SDA, 0.4520000457763672, 7.097999954223633, 7.55, 0.4520000457763672, 6.251729523982634, 7.699999809265137, 7.0, 7.2878800392150875, 99.20645838906087, OverBought, 7.2993998527526855
SEDG, 3.296000671386719, 54.92599945068359, 58.22200012207031, 3.2960006713867185, 5.880465149422136, 60.900001525878906, 53.59000015258789, 56.81202011108398, 99.9597110281294, OverBought, 58.31010055541992
SERA, 0.5679998397827148, 9.724000167846679, 10.292000007629394, 0.5679998397827148, 5.640514965205566, 10.649999618530273, 9.510000228881836, 10.152000045776367, 100, OverBought, 10.649999618530273
SEZL, 6.2220001220703125, 50.5229995727539, 56.744999694824216, 6.2220001220703125, 11.772942860380633, 58.79999923706055, 47.32500076293945, 53.33399963378906, 99.87688472490399, OverBought, 54.36000061035156
SG, 1.3866001129150392, 21.186999893188478, 22.573600006103515, 1.3866001129150392, 6.1218549062607615, 23.788000106811523, 20.1299991607666, 22.095999908447265, 99.87794574183569, OverBought, 23.43000030517578
SGHT, 0.4439999580383301, 5.1579999923706055, 5.601999950408936, 0.4439999580383301, 8.757395325547627, 5.880000114440918, 5.010000228881836, 5.392999935150146, 98.03193290401079, OverBought, 5.195000171661377
SKIL, 1.565579891204834, 5.954400062561035, 7.519979953765869, 1.565579891204834, 22.855181211696838, 8.899999618530273, 5.090000152587891, 6.970000171661377, 96.20281349715488, OverBought, 8.170000076293945
SKYH, 0.494599723815918, 8.694400215148926, 9.188999938964844, 0.49459972381591794, 5.6785272290439925, 9.520000457763672, 8.442000389099121, 8.894000053405762, 99.57455132890914, OverBought, 8.710000038146973
SKYT, 0.47152004241943357, 8.784000015258789, 9.255520057678222, 0.4715200424194336, 5.070107879021185, 9.749600410461426, 8.279999732971191, 9.13799991607666, 99.97160425496149, OverBought, 9.649999618530273
SKYW, 3.752000427246094, 70.89400024414063, 74.64600067138672, 3.7520004272460934, 5.006004776540675, 79.20999908447266, 69.30000305175781, 73.71199798583984, 99.94354525208347, OverBought, 78.37999725341797
SLAB, 7.210000610351562, 115.97999877929688, 123.18999938964843, 7.210000610351562, 6.057297054770374, 126.4000015258789, 112.12999725341797, 119.852001953125, 99.92486056080203, OverBought, 121.54000091552734
SLDB, 0.6360000610351563, 8.477999877929687, 9.113999938964843, 0.6360000610351562, 7.562426546664726, 9.609999656677246, 7.949999809265137, 8.815999984741211, 99.21746045268821, OverBought, 8.619999885559082
SMCI, 68.906005859375, 726.2559936523437, 795.1619995117187, 68.906005859375, 8.743862309084577, 844.75, 671.0, 771.00400390625, 99.99869144194294, OverBought, 834.02001953125
SMR, 0.5029998779296875, 5.19000015258789, 5.693000030517578, 0.5029998779296875, 8.583615468759803, 6.364999771118164, 4.610000133514404, 5.5551399230957035, 100, OverBought, 5.9756999015808105
SMTC, 1.739999771118164, 32.58400001525879, 34.32399978637695, 1.739999771118164, 5.086231562946521, 35.93000030517578, 30.969999313354492, 33.81790008544922, 100, OverBought, 35.77949905395508
SNAP, 0.7870000839233399, 11.45900001525879, 12.24600009918213, 0.7870000839233398, 5.711176336529942, 14.770000457763672, 10.539999961853027, 11.829000091552734, 99.73976174739913, OverBought, 14.135000228881836
SNBR, 1.4359996795654297, 13.322000122070312, 14.757999801635743, 1.4359996795654297, 10.368228447752903, 15.239999771118164, 12.949999809265137, 14.01599998474121, 99.43340744861413, OverBought, 14.470000267028809
SPIR, 0.4979999542236328, 9.738000106811523, 10.236000061035156, 0.49799995422363275, 5.1393186355941385, 10.5, 9.470000267028809, 9.979999923706055, 99.39670764560451, OverBought, 9.859999656677246
SPOT, 18.0789794921875, 280.1780029296875, 298.256982421875, 18.0789794921875, 6.3470649222805635, 319.29998779296875, 267.760009765625, 287.26799926757815, 99.97318323182945, OverBought, 290.5400085449219
SPRY, 0.4911998748779297, 8.073800086975098, 8.564999961853028, 0.4911998748779297, 6.064195700553814, 8.829999923706055, 7.659999847412109, 8.307999992370606, 99.33513914459836, OverBought, 8.479999542236328
SRRK, 0.7939998626708984, 13.85900001525879, 14.652999877929688, 0.7939998626708985, 5.720460058532791, 15.130000114440918, 13.600000381469727, 14.280000114440918, 99.57011380862811, OverBought, 14.5600004196167
SRZN, 0.7193998336791992, 8.530000305175781, 9.24940013885498, 0.7193998336791991, 8.83783542182923, 9.836999893188477, 8.140000343322754, 8.873999977111817, 99.0418655398888, OverBought, 8.529999732971191
SSNT, 0.7878599166870117, 13.014000129699706, 13.801860046386718, 0.7878599166870117, 5.814464247946873, 14.300000190734863, 12.510000228881836, 13.41599998474121, 99.56414464442882, OverBought, 13.789999961853027
STKS, 0.2869999885559082, 5.122000026702881, 5.409000015258789, 0.2869999885559082, 5.638506482362084, 5.659999847412109, 5.059999942779541, 5.265999889373779, 98.5451800574968, OverBought, 5.199999809265137
STLD, 6.767999267578125, 130.99400024414064, 137.76199951171876, 6.767999267578125, 5.088721253818139, 144.91000366210938, 127.05000305175781, 133.86100158691406, 99.96006104082615, OverBought, 134.89500427246094
STOK, 0.844000244140625, 11.127999687194825, 11.97199993133545, 0.8440002441406251, 7.345520112734433, 12.130000114440918, 10.899999618530273, 11.577999877929688, 100, OverBought, 12.039999961853027
STTK, 0.5386003494262696, 9.41319980621338, 9.95180015563965, 0.5386003494262696, 5.529777844793907, 10.210000038146973, 9.220000267028809, 9.711999893188477, 99.85582789237395, OverBought, 10.09000015258789
SUPV, 0.4159998893737793, 5.682000064849854, 6.097999954223633, 0.41599988937377924, 7.29824391743991, 6.389999866485596, 5.480000019073486, 5.914999866485596, 98.51675393502558, OverBought, 5.824999809265137
SWIN, 1.1875999450683594, 10.548400115966796, 11.736000061035156, 1.1875999450683594, 10.766998856023102, 12.75, 10.100000381469727, 10.988000106811523, 100, OverBought, 11.550000190734863
SWTX, 3.022600555419922, 42.16999969482422, 45.19260025024414, 3.022600555419922, 6.958104629316178, 46.43000030517578, 40.150001525878906, 44.047000122070315, 99.96643771265835, OverBought, 45.76499938964844
SWVL, 1.241919708251953, 10.504000091552735, 11.745919799804687, 1.241919708251953, 11.727286972214667, 12.449999809265137, 9.954999923706055, 11.231999969482422, 99.23162527321387, OverBought, 11.289999961853027
SYRS, 0.27005996704101565, 4.894000053405762, 5.164060020446778, 0.27005996704101565, 5.401199340820313, 5.320000171661377, 4.570000171661377, 5.075999927520752, 99.56621470591944, OverBought, 5.079999923706055
TAL, 0.7530000686645508, 12.144000053405762, 12.897000122070313, 0.7530000686645507, 5.632012528869691, 13.96500015258789, 11.59000015258789, 12.635000038146973, 100, OverBought, 13.425000190734863
TBNK, 0.37799997329711915, 7.139999961853027, 7.517999935150146, 0.3779999732971191, 5.2867128427317045, 7.909999847412109, 7.099999904632568, 7.227999973297119, 99.63134051122464, OverBought, 7.150000095367432
TCRX, 0.42239999771118164, 7.006999969482422, 7.4293999671936035, 0.4223999977111817, 5.924263547424966, 7.550000190734863, 6.739999771118164, 7.246000003814697, 99.55875427224196, OverBought, 7.179999828338623
TDOC, 0.6382001876831055, 13.102799987792968, 13.741000175476074, 0.6382001876831054, 5.045060924335855, 14.050000190734863, 12.649999618530273, 13.493999862670899, 99.7585216704154, OverBought, 13.369999885559082
TGS, 0.8910001754760742, 15.978999900817872, 16.870000076293945, 0.8910001754760742, 5.491526376132903, 17.6200008392334, 15.4399995803833, 16.42999973297119, 99.61744822630948, OverBought, 16.5
THRD, 0.8829998016357422, 10.591000175476074, 11.473999977111816, 0.8829998016357422, 8.597855523640536, 12.140000343322754, 10.135000228881836, 11.021999931335449, 98.81421321491185, OverBought, 10.619999885559082
TLSI, 0.4909999847412109, 9.63799991607666, 10.12899990081787, 0.4909999847412109, 5.168420892012747, 10.239999771118164, 9.380000114440918, 9.942119979858399, 99.17895981666663, OverBought, 9.50059986114502
TNGX, 0.3730000495910645, 7.266999912261963, 7.639999961853027, 0.3730000495910644, 5.106092516854938, 7.920000076293945, 7.059999942779541, 7.5100000381469725, 99.11908902171014, OverBought, 7.380000114440918
TRDA, 0.6829999923706055, 12.326000022888184, 13.009000015258788, 0.6829999923706056, 5.494770519725637, 14.029999732971191, 11.90999984741211, 12.656000137329102, 99.52871860260271, OverBought, 12.5
TVTX, 0.30900001525878906, 5.436999988555908, 5.746000003814697, 0.30900001525878906, 5.819209389615205, 5.960000038146973, 5.119999885559082, 5.563999843597412, 98.37059252422871, OverBought, 5.389999866485596
TWST, 1.6029998779296875, 29.67600021362305, 31.279000091552735, 1.6029998779296872, 5.209619285284182, 32.09000015258789, 27.959999084472656, 30.813000106811522, 99.91663550145525, OverBought, 31.28499984741211
TYRA, 1.0810001373291016, 15.303999900817871, 16.385000038146973, 1.0810001373291016, 7.125907263628648, 17.59000015258789, 14.789999961853027, 15.718999671936036, 99.46262563807822, OverBought, 15.604999542236328
UCAR, 0.560679817199707, 4.956000137329101, 5.516679954528809, 0.560679817199707, 11.146715582762765, 5.96999979019165, 4.610000133514404, 5.2020000457763675, 98.32632862224308, OverBought, 5.159999847412109
ULCC, 0.30473995208740234, 6.353000068664551, 6.6577400207519535, 0.30473995208740234, 5.003939974581213, 7.114999771118164, 5.960000038146973, 6.514000034332275, 97.68311410971533, OverBought, 6.130000114440918
ULH, 3.0540008544921875, 34.27000045776367, 37.32400131225586, 3.0540008544921875, 7.716019992945027, 48.630001068115234, 32.310001373291016, 35.48999938964844, 99.85383159761311, OverBought, 42.91999816894531
UNIT, 0.3148000717163086, 5.448200035095215, 5.763000106811523, 0.3148000717163086, 5.641578423306296, 6.010000228881836, 5.241000175476074, 5.596179866790772, 99.42633792689564, OverBought, 5.625899791717529
UPST, 1.16300048828125, 22.07599983215332, 23.23900032043457, 1.16300048828125, 5.166594742140617, 23.7450008392334, 21.5, 22.881280136108398, 99.94073820920653, OverBought, 23.436399459838867
USGO, 0.6350000381469727, 5.613999938964843, 6.248999977111817, 0.6350000381469727, 10.241936414224453, 6.599999904632568, 5.179999828338623, 5.977919960021973, 99.36157684487688, OverBought, 6.224599838256836
VCNX, 0.43791990280151366, 5.128079986572265, 5.56599988937378, 0.4379199028015137, 7.074177663125153, 6.739999771118164, 4.5, 5.511960029602051, 100, OverBought, 6.719799995422363
VCSA, 0.4914799690246582, 6.294519996643066, 6.785999965667725, 0.4914799690246582, 7.151295920102613, 7.360000133514404, 5.619999885559082, 6.666000080108643, 100, OverBought, 7.360000133514404
VERA, 2.4573997497558593, 38.284000396728516, 40.741400146484374, 2.4573997497558593, 6.394482774502854, 43.04999923706055, 37.79999923706055, 39.25, 99.91741293430569, OverBought, 38.959999084472656
VERV, 0.45087995529174807, 6.373000049591065, 6.823880004882812, 0.45087995529174807, 7.489700277745764, 7.409999847412109, 6.019999980926514, 6.557999897003174, 98.2401078478039, OverBought, 6.199999809265137
VICR, 2.485000228881836, 32.71599998474121, 35.20100021362305, 2.485000228881836, 7.480433887922774, 36.40999984741211, 30.899999618530273, 33.90400009155273, 99.73495977112127, OverBought, 34.220001220703125
VKTX, 3.9900001525878905, 64.20400009155273, 68.19400024414062, 3.9900001525878905, 5.848724833175496, 71.5, 62.29999923706055, 66.35299987792969, 100, OverBought, 69.05500030517578
VLRS, 0.6969998359680176, 8.176999950408936, 8.873999786376952, 0.6969998359680175, 8.224186484899539, 9.569999694824219, 7.639999866485596, 8.48799991607666, 99.52189238949103, OverBought, 8.479999542236328
VRDN, 0.919000244140625, 13.169999885559083, 14.089000129699707, 0.919000244140625, 7.3934048397244085, 15.010000228881836, 12.199999809265137, 13.451999855041503, 99.14831339524059, OverBought, 12.979999542236328
VRM, 0.9871999740600585, 11.122599983215332, 12.10979995727539, 0.9871999740600585, 8.554592524466003, 12.430000305175781, 10.550999641418457, 11.485999870300294, 99.83074913864117, OverBought, 11.609999656677246
VRT, 6.775599670410156, 81.0720001220703, 87.84759979248047, 6.775599670410157, 7.315482044358067, 95.31999969482422, 72.58000183105469, 84.85087890625, 100, OverBought, 94.09439849853516
VSAT, 0.9580005645751953, 15.439999961853028, 16.398000526428223, 0.9580005645751952, 6.265536736202145, 16.8700008392334, 15.15999984741211, 15.896000289916993, 99.41096362794099, OverBought, 15.770000457763672
VTSI, 0.6151599884033203, 11.970840072631836, 12.586000061035156, 0.6151599884033203, 5.126333236694336, 13.050000190734863, 11.880000114440918, 12.248000144958496, 99.7907577938126, OverBought, 12.40999984741211
W, 3.486000823974609, 51.918000030517575, 55.40400085449219, 3.4860008239746096, 7.078174261877379, 58.400001525878906, 49.25, 53.655999755859376, 99.77587069149406, OverBought, 51.93000030517578
WDC, 3.71099853515625, 66.68300018310546, 70.39399871826171, 3.71099853515625, 5.54004404171457, 72.12999725341797, 65.2300033569336, 69.2260009765625, 99.98960327188402, OverBought, 70.16999816894531
WETG, 0.7267500162124634, 5.137500047683716, 5.864250063896179, 0.5814000129699707, 14.535000324249268, 6.5, 5.0, 5.2538251876831055, 97.97902872283439, OverBought, 5.075300216674805
WGS, 1.105799674987793, 10.627400207519532, 11.733199882507325, 1.1057996749877932, 10.229413802622242, 12.569999694824219, 9.600000381469727, 11.286000061035157, 99.16125937421546, OverBought, 11.050000190734863
WHLM, 1.0399998664855956, 4.990000057220459, 6.029999923706055, 1.0399998664855956, 20.79999732971191, 7.619999885559082, 4.860000133514404, 5.475999927520752, 97.22230976524153, OverBought, 5.489999771118164
WINT, 0.5974799156188965, 4.969999980926514, 5.56747989654541, 0.5974799156188965, 11.80790360425757, 5.949999809265137, 4.829999923706055, 5.299379920959472, 97.63801626192297, OverBought, 5.136899948120117
WISA, 1.5119999408721925, 5.118000078201294, 6.630000019073487, 1.5119999408721925, 24.19199905395508, 7.349999904632568, 3.890000104904175, 5.7000000953674315, 100, OverBought, 6.570000171661377
WNS, 2.7020004272460936, 44.50400009155273, 47.20600051879883, 2.7020004272460936, 6.548716764818541, 49.459999084472656, 40.060001373291016, 45.38100051879883, 99.67132952454057, OverBought, 41.44499969482422
WOLF, 1.9999996185302735, 23.18000030517578, 25.179999923706056, 1.9999996185302735, 8.190006602300551, 26.1200008392334, 21.850000381469727, 24.36599998474121, 99.75271627921187, OverBought, 25.969999313354492
XBIT, 0.591400146484375, 7.80260009765625, 8.394000244140624, 0.5914001464843751, 7.397125140083964, 8.550000190734863, 7.579999923706055, 8.080999946594238, 99.43667444977696, OverBought, 7.994999885559082
XPO, 6.765998840332031, 112.11600189208984, 118.88200073242187, 6.765998840332031, 6.423619788011051, 122.66999816894531, 105.33000183105469, 115.71600036621093, 99.88535653951797, OverBought, 105.91000366210938
YMAB, 0.9354997634887695, 14.723999977111816, 15.659499740600586, 0.9354997634887694, 6.469569578290627, 16.389999389648438, 14.279999732971191, 15.034000015258789, 99.62807086174946, OverBought, 14.539999961853027
ZIM, 0.8329998016357422, 11.063000106811524, 11.895999908447266, 0.8329998016357423, 7.005885429629465, 13.59000015258789, 10.164999961853027, 11.742000389099122, 99.88991006194989, OverBought, 13.270000457763672
ZNTL, 0.7599996566772461, 11.616000175476074, 12.37599983215332, 0.7599996566772461, 7.056635323811822, 13.460000038146973, 10.390000343322754, 11.886999893188477, 98.65775530386288, OverBought, 11.109999656677246
