Stock, Daily Change, avg low, avg high, Weekly Change, percentage Profit, Highest, Lowest, Daily Average Price, RSI, Rating, Current Price
AACG, 0.0887714113507952, 1.2607143095561437, 1.3494857209069389, 0.12427997589111328, 7.306288799346356, 1.5, 1.190000057220459, 1.3128571680613927, 73.82756783277124, Normal, 1.25
AAMC, 0.2398571286882673, 4.202857153756278, 4.442714282444546, 0.33579998016357415, 5.8076784998040365, 4.510000228881836, 4.019999980926514, 4.251499993460519, 96.90758829987237, OverBought, 4.130499839782715
AAN, 0.4192855017525809, 9.957142966134208, 10.376428467886788, 0.5869997024536133, 5.227998476567371, 10.734999656677246, 8.020000457763672, 10.208571434020996, 98.03611228982662, OverBought, 8.869999885559082
AAOI, 2.0038858141217912, 16.955685751778738, 18.95957156590053, 2.8054401397705075, 13.66925791692935, 24.75, 12.140000343322754, 17.87999997820173, 98.0498490907578, OverBought, 15.569999694824219
ABAT, 0.18357140677315847, 1.9935714517320906, 2.177142858505249, 0.2569999694824219, 8.42070647485002, 2.3499999046325684, 1.850000023841858, 2.112857154437474, 92.53098558356366, OverBought, 2.2200000286102295
ABCL, 0.2917142595563616, 4.907857145581927, 5.199571405138288, 0.4083999633789062, 5.881335832919557, 5.449999809265137, 4.650000095367432, 5.0328570774623325, 97.78214968489402, OverBought, 5.099999904632568
ABEO, 0.6654857226780483, 6.622857093811035, 7.2883428164890836, 0.9316800117492676, 9.399515958323585, 7.8684000968933105, 6.159999847412109, 7.035714285714286, 99.235528074939, OverBought, 7.53000020980835
ABLLW, 0.0406000018119812, 0.6850000023841858, 0.725600004196167, 0.00812000036239624, 5.927007543163552, 0.725600004196167, 0.6850000023841858, 0.6899999976158142, 0, Oversold, 0.6899999976158142
ABLV, 0.26198571068899973, 2.6568571499415805, 2.9188428606305803, 0.36677999496459956, 9.096725704118866, 3.0999999046325684, 2.440000057220459, 2.8842714514051164, 99.42980442905392, OverBought, 2.9999001026153564
ABOS, 0.19857147761753627, 3.3557142530168806, 3.5542857306344167, 0.27800006866455074, 5.337942905654263, 3.9100000858306885, 3.0799999237060547, 3.477142810821533, 99.87817270226206, OverBought, 3.8499999046325684
ABSI, 0.4235714503696987, 4.700000013623919, 5.123571463993618, 0.5930000305175781, 8.697565920395748, 5.40500020980835, 4.510000228881836, 4.895714282989502, 96.80728652800595, OverBought, 4.945000171661377
ABVC, 0.06971429075513567, 1.1871428489685059, 1.2568571397236414, 0.09760000705718994, 5.714285993464372, 1.2879999876022339, 1.149999976158142, 1.221428598676409, 81.698412118404, OverBought, 1.2400000095367432
ACB, 0.220414331981114, 3.308142832347325, 3.528557164328439, 0.3085800647735596, 6.834553131753543, 3.930000066757202, 3.119999885559082, 3.404285737446376, 93.86028416761627, OverBought, 3.299999952316284
ACCD, 0.7279998234340123, 10.897142955235072, 11.625142778669085, 1.0191997528076173, 6.797383948095388, 12.930000305175781, 10.140000343322754, 11.137857164655413, 98.4088979269245, OverBought, 10.829999923706055
ACET, 0.19499996730259486, 2.5621429170881, 2.757142884390695, 0.2729999542236328, 8.057849634501796, 3.0399999618530273, 2.359999895095825, 2.610000031335013, 90.78124687217185, OverBought, 2.4600000381469727
ACHL, 0.1519999929836818, 1.1648571235792977, 1.3168571165629797, 0.21279999017715454, 11.160058315774531, 1.4700000286102295, 0.9399999976158142, 1.2657142877578735, 100, OverBought, 1.409999966621399
ACHR, 0.23371430805751256, 4.887142862592425, 5.120857170649937, 0.32720003128051756, 5.091814821089755, 5.379000186920166, 4.590000152587891, 4.9728571346827914, 97.46279023093288, OverBought, 4.789999961853027
ACHV, 0.2242857047489711, 3.974285738808768, 4.198571443557739, 0.3139999866485596, 5.497198748602964, 4.619999885559082, 3.819999933242798, 4.054285764694214, 96.62242956503759, OverBought, 4.179999828338623
ACIU, 0.2708571638379778, 3.2619999817439487, 3.5328571455819264, 0.37920002937316893, 7.109112018526098, 4.0, 3.009999990463257, 3.4532856941223145, 99.23960195385342, OverBought, 3.953000068664551
ACMR, 1.1884136199951172, 19.698000499180385, 20.8864141191755, 1.663779067993164, 5.443946972737146, 22.780899047851562, 17.81800079345703, 20.28742844717843, 99.64088541057525, OverBought, 22.29199981689453
ACOR, 0.7214285986764091, 13.560000010899135, 14.281428609575544, 1.0100000381469727, 5.197612339540445, 15.3100004196167, 12.289999961853027, 13.98142855507987, 98.7762166946252, OverBought, 14.0
ACRS, 0.09214287144797188, 1.1699999911444527, 1.2621428625924247, 0.12900002002716066, 7.875459386987384, 1.3600000143051147, 1.1299999952316284, 1.2098857504980904, 91.66332928697709, OverBought, 1.2591999769210815
ACRV, 0.38177149636404856, 3.8000857148851668, 4.181857211249215, 0.534480094909668, 8.943716851521483, 4.760000228881836, 3.450000047683716, 4.0271428653172086, 98.5825262716239, OverBought, 4.71999979019165
ACRX, 0.20648334423700967, 1.2185166676839192, 1.425000011920929, 0.24778001308441164, 15.071776899148274, 1.6100000143051147, 1.031000018119812, 1.321666677792867, 88.4806098205189, OverBought, 1.4199999570846558
ACST, 0.2103428500039237, 3.1871428149087087, 3.3974856649126326, 0.29447999000549313, 6.374025849796851, 3.5899999141693115, 2.990000009536743, 3.307142768587385, 96.70820538421613, OverBought, 3.309999942779541
ACXP, 0.2635571275438581, 2.9664428574698314, 3.229999985013689, 0.36897997856140136, 8.287699459629389, 3.3499999046325684, 2.8499999046325684, 3.131171464920044, 96.12767134022825, OverBought, 3.2932000160217285
ADAG, 0.3793714387076242, 3.1274285657065257, 3.5068000044141496, 0.5311200141906739, 11.496104369375573, 3.6600000858306885, 3.0199999809265137, 3.2821428775787354, 96.7236292385444, OverBought, 3.4549999237060547
ADAP, 0.18435718332018172, 1.3403571162905012, 1.5247142996106828, 0.2581000566482544, 11.50434868697301, 1.7200000286102295, 1.1799999475479126, 1.4500000136239188, 89.06410456755896, OverBought, 1.690000057220459
ADCT, 0.6068570954459054, 4.724771499633789, 5.331628595079694, 0.8495999336242677, 12.401542314190706, 6.039999961853027, 4.550000190734863, 4.929999964577811, 95.97135401680248, OverBought, 5.0
ADES, 0.29205000400543213, 3.282450000445048, 3.57450000445048, 0.35046000480651857, 8.82326311341824, 3.799999952316284, 3.194700002670288, 3.3916666507720947, 97.05750620512741, OverBought, 3.4100000858306885
ADIL, 0.11742855821337018, 0.8828571523938861, 1.0002857106072562, 0.1643999814987183, 14.320556004592216, 1.2100000381469727, 0.7699999809265137, 0.918571412563324, 31.775457626646173, Normal, 0.8199999928474426
ADOC, 0.5266664822896322, 10.118333498636881, 10.644999980926514, 0.6319997787475586, 5.813095561776076, 11.949999809265137, 8.15999984741211, 10.251666704813639, 96.9044487873145, OverBought, 9.0600004196167
ADPT, 0.22057155200413295, 3.8409999438694546, 4.061571495873587, 0.30880017280578614, 5.386362962275268, 4.320000171661377, 3.7249999046325684, 3.9628713812146867, 99.57358873542893, OverBought, 4.140100002288818
ADSE, 0.7167144502912249, 9.051714215959821, 9.768428666251046, 1.0034002304077148, 7.663755690393306, 10.229000091552734, 8.670000076293945, 9.676428522382464, 99.60880200902815, OverBought, 9.914999961853027
ADTH, 0.17842864990234375, 2.7858570984431674, 2.964285748345511, 0.24980010986328127, 6.260654592034008, 3.049999952316284, 2.740000009536743, 2.872857161930629, 98.5570697360995, OverBought, 2.9000000953674316
ADTX, 0.2501285416739328, 3.597714287894113, 3.8478428295680454, 0.35017995834350585, 7.146529762112365, 4.150000095367432, 3.384000062942505, 3.6728571483067105, 95.37844612936426, OverBought, 3.549999952316284
ADVM, 0.20528575352260045, 1.929000002997262, 2.1342857565198625, 0.2874000549316406, 10.804513478873536, 2.240000009536743, 1.8179999589920044, 2.0021428721291676, 91.33760733889694, OverBought, 2.005000114440918
ADXN, 0.6414286749703544, 9.837142808096749, 10.478571483067103, 0.8980001449584961, 6.551876174358497, 11.784000396728516, 9.5, 10.053142820085798, 98.16689153161732, OverBought, 9.789999961853027
AEHL, 0.254842860358102, 1.7528714282172067, 2.0077142885753085, 0.35678000450134273, 17.10239956305814, 2.240000009536743, 1.409999966621399, 1.8737571239471436, 78.31574027817665, Normal, 1.5463000535964966
AEHR, 0.9885719844273159, 16.388571330479213, 17.37714331490653, 1.384000778198242, 6.170861149683866, 18.540000915527344, 15.8100004196167, 16.582857540675572, 99.31562431258101, OverBought, 16.200000762939453
AEMD, 0.10428569998059954, 1.6614285707473755, 1.765714270727975, 0.14599997997283937, 6.028075076926905, 1.7999999523162842, 1.6100000143051147, 1.7014285836900984, 96.17538630177282, OverBought, 1.7300000190734863
AENT, 0.11985714094979423, 1.7599999904632568, 1.879857131413051, 0.16779999732971193, 7.308362316784381, 1.940000057220459, 1.6399999856948853, 1.8522857086999076, 91.2881997400251, OverBought, 1.75
AEON, 1.0231857299804688, 10.488242830548968, 11.511428560529437, 1.4324600219726562, 8.823076868041593, 12.829999923706055, 9.211000442504883, 11.133428573608398, 99.30263031621887, OverBought, 12.223999977111816
AEVA, 0.07342857122421265, 0.9567142724990845, 1.0301428437232971, 0.10279999971389771, 7.342857122421265, 1.1200000047683716, 0.8999999761581421, 0.9824285677501133, 53.856139082310165, Normal, 1.0099999904632568
AEYE, 0.39717136110578266, 5.964285714285714, 6.361457075391497, 0.5560399055480957, 5.8236268491035865, 7.290200233459473, 5.630000114440918, 6.23461423601423, 98.85462680065798, OverBought, 7.132299900054932
AEZS, 0.11430001258850098, 1.7657142877578735, 1.8800143003463745, 0.16002001762390136, 5.922280605951336, 1.9800000190734863, 1.6799999475479126, 1.8357142891202654, 92.6016959416243, OverBought, 1.9299999475479126
AFMD, 0.04785713979176113, 0.5302857160568237, 0.5781428558485848, 0.06699999570846558, 8.846051577171615, 0.6100000143051147, 0.5, 0.5521714261599949, 11.109046701939619, Oversold, 0.5601999759674072
AGAE, 0.0571428792817252, 1.0128571220806666, 1.0700000013623918, 0.08000003099441527, 5.891018308896014, 1.1200000047683716, 0.9599999785423279, 1.029999988419669, 44.40770911239428, Normal, 0.9700000286102295
AGEN, 0.0880000080381121, 0.6561714240482875, 0.7441714320863996, 0.12320001125335694, 12.338756499782649, 0.8100000023841858, 0.5799999833106995, 0.6955857276916504, 36.034290627660205, Normal, 0.7890999913215637
AGFY, 0.06991428136825562, 0.543699996812003, 0.6136142781802586, 0.09787999391555785, 13.04614327137075, 0.6499999761581421, 0.5, 0.5804142866815839, 13.772243159892284, Oversold, 0.5358999967575073
AGIO, 1.764284951346261, 28.624286106654576, 30.38857105800084, 2.469998931884766, 5.362567992461907, 33.90999984741211, 26.020000457763672, 29.91428565979004, 99.94295039851062, OverBought, 33.349998474121094
AGL, 0.44071429116385324, 6.340714250292097, 6.78142854145595, 0.6170000076293946, 7.045791896092475, 7.300000190734863, 5.75, 6.470714296613421, 97.46409921082025, OverBought, 6.414999961853027
AGMH, 0.191428542137146, 1.702857153756278, 1.894285695893424, 0.2679999589920044, 11.129566218194858, 2.049999952316284, 1.649999976158142, 1.7950000081743513, 87.70467373128552, OverBought, 1.8600000143051147
AGRX, 0.14814284018107823, 0.917285714830671, 1.0654285550117493, 0.20739997625350953, 18.75225774142788, 1.309999942779541, 0.7799999713897705, 0.9541000042642865, 33.43927433537121, Normal, 0.791700005531311
AHCO, 0.49928576605660574, 7.420714173998151, 7.919999940054757, 0.699000072479248, 5.745521175670564, 10.069999694824219, 7.014999866485596, 7.7314284188406805, 99.17692264550402, OverBought, 9.649999618530273
AHG, 0.15114286967686244, 1.2395714180810111, 1.3907142877578735, 0.21160001754760743, 11.27931835164058, 1.4800000190734863, 1.0829999446868896, 1.3243571349552699, 74.38066414263156, Normal, 1.3904999494552612
AHT, 0.11421430110931396, 1.5343571220125471, 1.6485714231218611, 0.15990002155303956, 7.319083577360335, 1.7100000381469727, 1.4900000095367432, 1.5864285741533553, 93.84256038174499, OverBought, 1.625
AHT, 0.11421430110931396, 1.5343571220125471, 1.6485714231218611, 0.15990002155303956, 7.319083577360335, 1.7100000381469727, 1.4900000095367432, 1.5864285741533553, 93.84256038174499, OverBought, 1.625
AHT, 0.11421430110931396, 1.5343571220125471, 1.6485714231218611, 0.15990002155303956, 7.319083577360335, 1.7100000381469727, 1.4900000095367432, 1.5864285741533553, 93.84256038174499, OverBought, 1.625
AHT, 0.11421430110931396, 1.5343571220125471, 1.6485714231218611, 0.15990002155303956, 7.319083577360335, 1.7100000381469727, 1.4900000095367432, 1.5864285741533553, 93.84256038174499, OverBought, 1.625
AHT, 0.11421430110931396, 1.5343571220125471, 1.6485714231218611, 0.15990002155303956, 7.319083577360335, 1.7100000381469727, 1.4900000095367432, 1.5864285741533553, 93.84256038174499, OverBought, 1.625
AHT, 0.11421430110931396, 1.5343571220125471, 1.6485714231218611, 0.15990002155303956, 7.319083577360335, 1.7100000381469727, 1.4900000095367432, 1.5864285741533553, 93.84256038174499, OverBought, 1.625
AI, 1.5271432059151786, 26.811428342546737, 28.338571548461914, 2.1380004882812504, 5.256947490611033, 30.25, 25.635000228881836, 27.663699558803014, 99.61190836579713, OverBought, 30.00589942932129
AIHS, 0.10799998896462577, 0.7454285791942051, 0.853428568158831, 0.15119998455047606, 11.489360557292922, 1.0299999713897705, 0.6200000047683716, 0.8110000150544303, 52.716658419856124, Normal, 0.9800000190734863
AIMD, 0.05185714789799282, 0.8111285737582615, 0.8629857216562543, 0.07260000705718994, 6.174204888876417, 0.8999999761581421, 0.7900000214576721, 0.829842848437173, 27.229689046600058, Oversold, 0.839900016784668
AINC, 0.3212571314402989, 2.2785714183534895, 2.5998285497937883, 0.4497599840164185, 12.168830252829089, 2.9000000953674316, 1.9199999570846558, 2.4414285251072476, 97.80739731589034, OverBought, 2.740000009536743
AIP, 0.5300000054495675, 6.6914286613464355, 7.221428666796003, 0.7420000076293946, 8.281249961749252, 7.800000190734863, 6.300000190734863, 6.827142919812884, 97.45010904737224, OverBought, 6.400000095367432
AIRI, 0.25428567613874165, 4.674285752432687, 4.928571428571429, 0.3559999465942383, 5.09590556718124, 5.119999885559082, 4.309999942779541, 4.834285736083984, 99.38407994868679, OverBought, 5.0
AIRS, 0.73128570829119, 5.946428571428571, 6.677714279719761, 1.023799991607666, 13.393511047288847, 7.380000114440918, 4.5, 6.384285654340472, 97.05863519355232, OverBought, 6.309999942779541
AIU, 0.052299984863826206, 0.9134285790579659, 0.9657285639217922, 0.07321997880935668, 6.278509555147877, 1.0099999904632568, 0.8330000042915344, 0.9382856999124799, 11.63766358005121, Oversold, 0.8629999756813049
AIXI, 0.18092857088361466, 1.9504999944141932, 2.1314285652978078, 0.25329999923706054, 9.357567419943932, 2.2899999618530273, 1.8200000524520874, 2.0292142629623413, 90.17058134018254, OverBought, 2.1545000076293945
AKA, 0.6442858832223075, 10.180714198521205, 10.825000081743513, 0.9020002365112305, 6.42679209714288, 11.949999809265137, 9.739999771118164, 10.493571417672294, 98.46332745585269, OverBought, 10.024999618530273
AKBA, 0.0903571503502982, 1.40142856325422, 1.4917857136045183, 0.12650001049041748, 6.105212782825762, 1.5724999904632568, 1.3200000524520874, 1.4457142863954817, 89.48578577795905, OverBought, 1.559999942779541
AKRO, 1.964571271623884, 22.440571648733957, 24.40514292035784, 2.7503997802734372, 8.245839281062425, 27.65999984741211, 20.364999771118164, 23.53714288984026, 99.7184464770221, OverBought, 24.760000228881836
AKTS, 0.08728571449007307, 0.682571428162711, 0.769857142652784, 0.1222000002861023, 13.96571431841169, 0.8500000238418579, 0.625, 0.7103571466037205, 5.7238376738878, Oversold, 0.6274999976158142
AKTX, 0.11695708547319685, 2.2421714578356062, 2.359128543308803, 0.16373991966247559, 5.021341404699886, 2.4000000953674316, 2.119999885559082, 2.3187428542545865, 94.34624745948051, OverBought, 2.329200029373169
AKYA, 0.4542856897626604, 5.366428579602923, 5.820714269365583, 0.6359999656677247, 8.381654674685707, 6.065000057220459, 5.199999809265137, 5.555714266640799, 97.45934910141463, OverBought, 5.769999980926514
ALAR, 1.3328429630824499, 12.54144287109375, 13.8742858341762, 1.8659801483154297, 8.430326162747829, 17.110000610351562, 11.170000076293945, 13.474285670689174, 99.47579647149004, OverBought, 16.579999923706055
ALDX, 0.18228575161525182, 3.445000001362392, 3.627285752977644, 0.25520005226135256, 5.0009808660936415, 3.765000104904175, 3.2799999713897705, 3.5470714228493825, 97.07382905514804, OverBought, 3.759500026702881
ALGS, 0.10244286060333252, 0.7102999857493809, 0.8127428463527134, 0.14342000484466552, 11.25622046947058, 0.9941999912261963, 0.6299999952316284, 0.7680142862456185, 54.388122417242805, Normal, 0.960099995136261
ALHC, 0.4194286210196359, 6.292142799922398, 6.711571420942034, 0.5872000694274903, 6.512866728151299, 7.130000114440918, 5.940000057220459, 6.507142884390695, 98.41138148034, OverBought, 6.960000038146973
ALIM, 0.21571431841169084, 3.2771428312574113, 3.4928571496691023, 0.30200004577636713, 6.307436070160789, 3.569999933242798, 3.069999933242798, 3.3714285918644498, 98.02986231869245, OverBought, 3.4700000286102295
ALLG, 0.05354286091668265, 0.9397428546633039, 0.9932857155799866, 0.07496000528335571, 5.694837540613782, 1.0199999809265137, 0.9200000166893005, 0.9614571418081012, 20.621741267271886, Oversold, 0.9401999711990356
ALLK, 0.10714282308306013, 1.2885714428765433, 1.3957142659596034, 0.14999995231628419, 7.288627278759669, 1.590000033378601, 1.2000000476837158, 1.3585714442389352, 95.6175038938921, OverBought, 1.590000033378601
ALLO, 0.31569998604910715, 4.455714293888637, 4.771414279937744, 0.44197998046875, 6.717021252357627, 5.019899845123291, 4.230000019073486, 4.620714323861258, 97.69523953371073, OverBought, 4.934999942779541
ALLT, 0.12357139587402344, 1.79428574017116, 1.9178571360451835, 0.17299995422363282, 6.789636940259183, 1.9600000381469727, 1.7300000190734863, 1.868571434702192, 92.8387646061221, OverBought, 1.8600000143051147
ALPN, 1.8500001089913505, 31.503571374075754, 33.35357148306711, 2.5900001525878906, 5.287224979271319, 36.70000076293945, 29.479999542236328, 32.79571424211775, 99.90829576220717, OverBought, 35.630001068115234
ALPP, 0.13498569386346, 0.7328571421759469, 0.8678428360394069, 0.188979971408844, 14.20902058497971, 1.2999999523162842, 0.6200000047683716, 0.8182428649493626, 55.6735142942207, Normal, 0.9506999850273132
ALT, 1.0167429787772042, 9.0375428880964, 10.054285866873604, 1.423440170288086, 8.924434285048443, 13.800000190734863, 8.029999732971191, 9.773571423121862, 99.25340615943654, OverBought, 13.645000457763672
ALTI, 0.7012713296072823, 5.574085712432861, 6.275357042040143, 0.9817798614501954, 11.72969134335961, 7.25, 5.090000152587891, 6.028571469443185, 96.54669762015399, OverBought, 6.03000020980835
ALUR, 0.16331424031938827, 2.808142900466919, 2.971457140786307, 0.22863993644714356, 5.811894791636339, 3.072999954223633, 2.75, 2.8642856734139577, 94.86486808020129, OverBought, 2.809999942779541
ALVOW, 0.6999998092651367, 5.0, 5.699999809265137, 0.13999996185302735, 13.999996185302734, 5.699999809265137, 5.0, 5.0, 100, OverBought, 5.0
ALVR, 0.045000008174351284, 0.6891428572790963, 0.7341428654534476, 0.0630000114440918, 6.33802951187956, 0.7549999952316284, 0.6690000295639038, 0.7112999984196254, 20.42538531728968, Oversold, 0.7440999746322632
ALXO, 0.9628577913556781, 15.662142753601074, 16.62500054495675, 1.3480009078979491, 5.928927370233472, 17.415000915527344, 15.319999694824219, 16.08428587232317, 99.68744472411193, OverBought, 16.280000686645508
ALYA, 0.22243334849675497, 1.2174999912579854, 1.4399333397547405, 0.26692001819610595, 17.11025820427399, 1.600000023841858, 0.875, 1.381083329518636, 76.26923661185741, Normal, 1.2999999523162842
AMBO, 0.937500034059797, 2.3403571333203996, 3.277857167380197, 1.312500047683716, 43.37265991149716, 6.300000190734863, 2.1600000858306885, 2.6857142448425293, 83.35027528493623, OverBought, 2.2699999809265137
AMC, 0.2778570311410086, 4.4535715239388605, 4.7314285550798685, 0.38899984359741213, 6.195251346030227, 4.949999809265137, 4.28000020980835, 4.575000013623919, 97.8002816685907, OverBought, 4.65500020980835
AMLI, 0.043785691261291504, 0.7027857303619385, 0.74657142162323, 0.0612999677658081, 6.51088332043155, 0.8009999990463257, 0.6700000166893005, 0.7236999954496112, 1.8615087374906096, Oversold, 0.6848999857902527
AMLX, 1.3285713195800781, 16.311428751264298, 17.640000070844376, 1.859999847412109, 7.422186301080849, 19.75, 14.8100004196167, 16.902857099260604, 99.25289125515627, OverBought, 18.469999313354492
AMN, 3.802858625139509, 56.33428519112723, 60.13714381626674, 5.324002075195311, 6.818824805317207, 67.05000305175781, 53.77000045776367, 57.54642868041992, 99.78270137544396, OverBought, 56.025001525878906
AMPE, 0.14142858982086182, 1.7299999850136893, 1.8714285748345512, 0.19800002574920653, 7.728338060339833, 2.049999952316284, 1.600000023841858, 1.8128857272011893, 89.34024150419897, OverBought, 1.830199956893921
AMPG, 0.15328572477613175, 1.8585714272090368, 2.0118571519851685, 0.21460001468658446, 8.241167935334582, 2.1600000858306885, 1.7999999523162842, 1.8871428625924247, 92.57580776064884, OverBought, 1.9700000286102295
AMPL, 0.8285713195800781, 11.947857311793737, 12.776428631373815, 1.1599998474121094, 6.965710699399621, 14.300000190734863, 9.0600004196167, 12.577857153756279, 98.65200636853281, OverBought, 12.0
AMPS, 0.33157144274030415, 6.58928564616612, 6.920857088906424, 0.4642000198364258, 5.077663584792373, 7.244999885559082, 6.218999862670898, 6.750714233943394, 98.19820631437096, OverBought, 6.59499979019165
AMPX, 0.22500007493155344, 3.518571444920131, 3.7435715198516846, 0.31500010490417485, 6.998447307569797, 4.050000190734863, 3.2149999141693115, 3.5957142966134206, 94.18817262779129, OverBought, 3.359999895095825
AMRC, 1.1557143075125558, 20.807142530168807, 21.96285683768136, 1.6180000305175781, 5.825172876129272, 23.959999084472656, 19.209999084472656, 21.1728572845459, 99.2867316854884, OverBought, 19.93000030517578
AMSC, 0.6870856966291156, 13.03285721370152, 13.719942910330635, 0.9619199752807617, 5.177736796739393, 14.649999618530273, 12.640000343322754, 13.320000103541783, 99.22908982830896, OverBought, 13.3100004196167
AMST, 0.23957140105111258, 2.2089857033320834, 2.448557104383196, 0.3353999614715576, 11.000109862741947, 2.619999885559082, 2.009999990463257, 2.2782856736864363, 88.59973674732919, OverBought, 2.187999963760376
AMTD, 0.09998573575701032, 1.7114428452083044, 1.8114285809653146, 0.13998003005981444, 5.8811681070309065, 1.899999976158142, 1.659999966621399, 1.751428587096078, 91.80669208922447, OverBought, 1.7100000381469727
AMTX, 0.27642859731401714, 3.50771427154541, 3.784142868859427, 0.387000036239624, 7.699961112059799, 3.9100000858306885, 3.4100000858306885, 3.632857152393886, 95.93960954177662, OverBought, 3.5899999141693115
AMWL, 0.08214288098471505, 1.1264285700661796, 1.2085714510508947, 0.11500003337860107, 7.605822011171329, 1.3550000190734863, 1.0399999618530273, 1.1424999918256487, 63.350115119779, Normal, 1.097499966621399
ANEB, 0.21799997488657633, 2.8428499698638916, 3.060849944750468, 0.2615999698638916, 8.014410529673578, 3.299999952316284, 2.619999885559082, 2.881183306376139, 95.23207286316534, OverBought, 2.720099925994873
ANIX, 0.24740004539489746, 3.6157143115997314, 3.863114356994629, 0.3463600635528564, 7.150290250499369, 4.300000190734863, 3.390000104904175, 3.67928569657462, 94.82236113693155, OverBought, 3.484999895095825
ANNX, 0.47785704476492746, 5.036000047411237, 5.513857092176165, 0.6689998626708984, 8.878800584810895, 6.0, 4.710000038146973, 5.205714293888637, 98.74967461361146, OverBought, 5.519999980926514
ANTE, 0.1623142957687378, 0.831971423966544, 0.9942857197352818, 0.22724001407623293, 20.44775718187917, 1.2300000190734863, 0.7300000190734863, 0.9176857130868095, 38.24382382125549, Normal, 0.7937999963760376
ANTX, 0.3127142701830183, 3.2242857047489712, 3.5369999749319896, 0.43779997825622563, 10.219420785314307, 3.930000066757202, 3.059999942779541, 3.3314285618918285, 93.82564498952927, OverBought, 3.119999885559082
ANVS, 0.8585711887904576, 9.564285823277064, 10.422857012067523, 1.2019996643066404, 9.868634570268785, 11.460000038146973, 8.59000015258789, 9.90034294128418, 98.10854917440179, OverBought, 9.462400436401367
ANY, 0.2398571286882673, 2.097285679408482, 2.3371428080967496, 0.33579998016357415, 11.002620245102104, 2.5999999046325684, 2.010999917984009, 2.2142714091709683, 86.80364711651903, OverBought, 2.2399001121520996
AONC, 0.3309571402413504, 5.646857125418527, 5.977814265659878, 0.46333999633789064, 6.055940182995774, 6.130000114440918, 5.465000152587891, 5.9067428452628, 98.15512278722191, OverBought, 5.9131999015808105
APAC, 1.0842857360839844, 9.30485725402832, 10.389142990112305, 1.518000030517578, 10.842857360839844, 13.640000343322754, 8.800000190734863, 9.721999985831124, 97.34662969495771, OverBought, 10.0
APCX, 0.10902854374476842, 1.7757143122809274, 1.8847428560256958, 0.1526399612426758, 5.990579153988166, 1.9769999980926514, 1.7000000476837158, 1.8358857120786394, 93.68262401189824, OverBought, 1.851199984550476
APDN, 0.06325715780258179, 0.6228571363857814, 0.6861142941883632, 0.08856002092361452, 10.370025626088152, 0.7200000286102295, 0.5899999737739563, 0.6489714298929486, 12.938659060857177, Oversold, 0.6227999925613403
APEI, 0.7657143729073661, 10.748571395874023, 11.51428576878139, 1.0720001220703126, 7.122924399138289, 12.0600004196167, 10.420000076293945, 11.054285730634417, 99.09924340033425, OverBought, 10.800000190734863
APLD, 0.34471423285348074, 4.301000050136021, 4.645714282989502, 0.48259992599487306, 8.296371009554793, 5.059999942779541, 3.875, 4.415000029972622, 95.56640744475531, OverBought, 4.269999980926514
APLM, 0.04535715069089617, 0.6469285573278155, 0.6922857080187116, 0.06350001096725463, 6.578267205909757, 0.7400000095367432, 0.6019999980926514, 0.6715571454593113, 27.13990584764636, Oversold, 0.7049000263214111
APLT, 0.7791427884783063, 5.033571515764509, 5.8127143042428155, 1.090799903869629, 14.812599896862277, 6.199999809265137, 3.7300000190734863, 5.4142857279096335, 97.3407543978447, OverBought, 5.440000057220459
APM, 0.14941428388868058, 1.6725714206695557, 1.8219857045582362, 0.20917999744415286, 8.636663713373856, 1.9329999685287476, 1.6100000143051147, 1.7308571338653564, 84.06034383367673, OverBought, 1.7300000190734863
APPN, 1.676999500819615, 33.277285712105886, 34.954285212925505, 2.347799301147461, 5.09261914751951, 38.25, 31.6299991607666, 33.91611426217215, 99.56672620450604, OverBought, 33.29280090332031
APPS, 0.21857142448425293, 3.214285748345511, 3.432857172829764, 0.3059999942779541, 6.983112348010066, 3.7699999809265137, 3.0399999618530273, 3.2985714163099016, 94.71491133882682, OverBought, 3.2699999809265137
APRE, 0.4889286586216518, 6.2732142720903665, 6.762142930712018, 0.6845001220703124, 7.158021369018021, 7.5, 5.5, 6.594414370400565, 99.36789217564333, OverBought, 7.008900165557861
APTO, 0.12285714490073067, 1.8271428516932897, 1.9499999965940202, 0.17200000286102296, 6.640926665805965, 2.0399999618530273, 1.7699999809265137, 1.8807142972946167, 91.29540650866902, OverBought, 1.8849999904632568
APYX, 0.22512859957558767, 2.0650000061307634, 2.290128605706351, 0.31518003940582273, 10.569417252575096, 2.440000057220459, 1.9299999475479126, 2.130014317376273, 88.09266561985632, OverBought, 2.1301000118255615
AQB, 0.13342860766819545, 2.2828571115221297, 2.416285719190325, 0.18680005073547365, 5.9039207181963365, 2.5, 2.25, 2.331899949482509, 96.73232870208993, OverBought, 2.431299924850464
AQST, 0.23255719457353866, 2.635714292526245, 2.8682714870997836, 0.32558007240295417, 7.830208496070641, 3.2399001121520996, 2.450000047683716, 2.7328571251460483, 95.5512616431323, OverBought, 3.2249999046325684
ARBB, 0.2921428680419922, 1.7617142711366927, 2.053857139178685, 0.40900001525878904, 18.373764899942547, 2.799999952316284, 1.5520000457763672, 1.8757142680031913, 79.6343326671534, Normal, 1.75
ARBK, 0.2599999564034598, 2.2300000531332835, 2.490000009536743, 0.36399993896484373, 10.358564039495196, 2.7799999713897705, 2.059999942779541, 2.3428571224212646, 88.53575468517812, OverBought, 2.5199999809265137
ARDX, 0.5214286531720843, 8.604999950953893, 9.126428604125977, 0.7300001144409181, 5.624904287198661, 9.630000114440918, 8.15999984741211, 8.926428522382464, 99.08056808470445, OverBought, 9.604999542236328
AREN, 0.24642857483455113, 1.7785714183534895, 2.0249999931880405, 0.34500000476837167, 14.495798113083291, 2.3499999046325684, 1.6699999570846558, 1.8807142972946167, 81.04031159414072, OverBought, 1.7450000047683716
ARIZ, 1.2104713576180595, 9.305242879050118, 10.515714236668178, 1.6946599006652834, 18.574913628800832, 11.270000457763672, 6.51669979095459, 9.673814160483223, 94.27636509603882, OverBought, 6.51669979095459
ARKOW, 0.05010002851486206, 0.8751999735832214, 0.9253000020980835, 0.010020005702972411, 5.724409280971958, 0.9253000020980835, 0.8751999735832214, 0.9000999927520752, 0, Oversold, 0.9000999927520752
ARM, 9.706428527832031, 127.01214272635323, 136.71857125418526, 13.588999938964845, 7.023973048953118, 149.9199981689453, 115.48999786376953, 131.59571293422155, 99.92451666930428, OverBought, 139.60000610351562
ARMP, 0.2114285741533552, 2.857142857142857, 3.0685714312962125, 0.29600000381469727, 7.071189748461338, 3.2300000190734863, 2.759999990463257, 2.9600000381469727, 97.88905259851694, OverBought, 3.130000114440918
ARQQ, 0.051571437290736606, 0.5554285645484924, 0.6070000018392291, 0.07220001220703123, 8.317973692597533, 0.6589999794960022, 0.5199999809265137, 0.5780000005449567, 28.060165226416714, Oversold, 0.6299999952316284
ARQT, 1.0821428298950195, 9.059285708836146, 10.141428538731166, 1.5149999618530272, 10.485880444722744, 11.329999923706055, 7.869999885559082, 9.761428560529437, 99.74096462169635, OverBought, 11.289999961853027
ARRW, 0.8799999782017299, 10.592857224600655, 11.472857202802386, 1.231999969482422, 8.365018440206411, 13.470000267028809, 10.5, 10.74000004359654, 98.94553109472056, OverBought, 10.529999732971191
ARTL, 0.09765713555472237, 1.5716285705566406, 1.669285706111363, 0.13671998977661132, 6.504404952159301, 1.7230000495910645, 1.5, 1.6062571150915963, 84.66934206318979, OverBought, 1.5537999868392944
ARVL, 0.34442500133688253, 0.08108333141232531, 0.4255083327492078, 0.41331000160425896, 574.0416817256356, 0.8500000238418579, 0.004999999888241291, 0.35851667324701947, 78.3112549992097, Normal, 0.6150500178337097
ARVN, 2.767144339425223, 47.315713609967915, 50.08285794939314, 3.8740020751953126, 6.026011432414608, 53.08000183105469, 45.779998779296875, 48.69678551810129, 99.74401525583951, OverBought, 47.967498779296875
ARWR, 1.5344287327357702, 29.208571570260183, 30.743000302995956, 2.1482002258300783, 5.2093998869809095, 32.47999954223633, 28.5, 30.093571254185267, 99.842124644291, OverBought, 30.489999771118164
ASPI, 0.4332857131958008, 3.2074285575321744, 3.640714270727975, 0.606599998474121, 11.995728531799639, 4.184999942779541, 2.75, 3.4985713958740234, 94.50636417175174, OverBought, 3.740000009536743
ASPN, 0.9442860739571708, 16.648571286882675, 17.592857360839844, 1.322000503540039, 5.535088531756933, 18.09000015258789, 16.110000610351562, 17.06422860281808, 99.71971420625314, OverBought, 17.219600677490234
ASPS, 0.21540004866463797, 2.7799999713897705, 2.9954000200544084, 0.30156006813049313, 7.531470509281991, 3.140000104904175, 2.6600000858306885, 2.880000012261527, 94.08568763471955, OverBought, 2.890000104904175
ASRT, 0.04964285237448556, 0.8032142775399345, 0.85285712991442, 0.06949999332427978, 6.035605221894921, 0.8899999856948853, 0.7799999713897705, 0.8202142885753086, 18.893612149676486, Oversold, 0.8314999938011169
ASTI, 0.09340000578335353, 0.5873142864022937, 0.6807142921856472, 0.13076000809669494, 19.369557532278336, 0.878000020980835, 0.4821999967098236, 0.6113285677773612, 1.6000748732178351, Oversold, 0.5273000001907349
ASTR, 0.17599998201642716, 1.7707143000194006, 1.9467142820358276, 0.24639997482299805, 10.731706314122565, 2.1500000953674316, 1.6399999856948853, 1.824285728590829, 85.42762373132548, OverBought, 1.7200000286102295
ASTS, 0.18985714231218612, 3.141571419579642, 3.3314285618918285, 0.26579999923706055, 5.859788325720777, 3.5199999809265137, 2.934999942779541, 3.2121428762163435, 94.5382288491009, OverBought, 3.3350000381469727
ASTSW, 0.06940001249313354, 0.7699999809265137, 0.8393999934196472, 0.013880002498626708, 9.012988858730486, 0.8393999934196472, 0.7699999809265137, 0.8393999934196472, 0, Oversold, 0.8393999934196472
ATAI, 0.12071427277156285, 1.8357142891202654, 1.9564285618918282, 0.16899998188018797, 6.2872018473821445, 2.049999952316284, 1.774999976158142, 1.893571444920131, 91.67318600626908, OverBought, 1.965000033378601
ATHA, 0.2761285645621164, 3.7243000098637173, 4.000428574425833, 0.3865799903869629, 7.209434747704599, 4.297999858856201, 3.5399999618530273, 3.832857166017805, 97.19894511919904, OverBought, 3.8499999046325684
ATHE, 0.15285713332039969, 1.839999999318804, 1.9928571326392037, 0.21399998664855957, 8.492063187207275, 2.1500000953674316, 1.5499999523162842, 1.9349999938692366, 87.08344535155216, OverBought, 1.8450000286102295
ATIF, 0.09857141120093209, 0.9382857254573277, 1.0368571366582597, 0.13799997568130493, 11.528819766313944, 1.1799999475479126, 0.8550000190734863, 1.0104285734040397, 36.561772366508556, Normal, 0.8700000047683716
ATIP, 0.6945713588169643, 6.609428542000907, 7.303999900817871, 0.9723999023437501, 10.051684141166673, 7.739999771118164, 6.420000076293945, 6.987142903464181, 98.20941789798944, OverBought, 7.110000133514404
ATLX, 1.2064285278320312, 15.909285817827497, 17.11571434565953, 1.6889999389648438, 8.466165107593202, 18.989999771118164, 14.199999809265137, 16.357857295445033, 98.60979510136664, OverBought, 15.395000457763672
ATNI, 3.107142584664481, 33.83714267185756, 36.94428525652204, 4.349999618530274, 8.877550241898517, 38.959999084472656, 27.5, 35.09285708836147, 99.15992807428815, OverBought, 35.0
ATNM, 0.770714282989502, 6.644714287349156, 7.4154285703386575, 1.0789999961853027, 9.855681151804399, 8.65999984741211, 5.900000095367432, 7.154285703386579, 99.06881044207177, OverBought, 8.199999809265137
ATOM, 0.41885716574532644, 6.2828570774623325, 6.701714243207659, 0.586400032043457, 6.73403826163828, 7.190000057220459, 5.949999809265137, 6.47357143674578, 97.43634354651331, OverBought, 6.269999980926514
ATOS, 0.05018568890435355, 0.9719571471214294, 1.022142836025783, 0.07025996446609498, 5.207604969192574, 1.0499999523162842, 0.949999988079071, 1.006428565297808, 60.702560358648675, Normal, 1.024999976158142
ATRA, 0.08071427685873848, 0.748857149056026, 0.8295714259147644, 0.1129999876022339, 11.368208351843853, 0.8899999856948853, 0.7020000219345093, 0.7773999997547695, 35.38369448512721, Normal, 0.7997999787330627
ATUS, 0.3382856675556728, 1.928142854145595, 2.266428521701268, 0.47359993457794186, 14.644401555639247, 2.990000009536743, 1.7799999713897705, 2.123571412903922, 94.09025809772857, OverBought, 2.744999885559082
ATXG, 0.09365710190364293, 1.041200007711138, 1.134857109614781, 0.1311199426651001, 9.045499219517836, 1.2300000190734863, 0.9409999847412109, 1.0828571319580078, 59.79526359077714, Normal, 1.0499999523162842
ATXS, 0.9468569074358258, 13.058143070765905, 14.00499997820173, 1.3255996704101562, 6.846398500789684, 14.75, 12.25, 13.602857044764928, 99.25376880435314, OverBought, 14.699999809265137
AUID, 1.0515714372907365, 10.071285792759486, 11.122857230050224, 1.4722000122070311, 10.484261867265564, 12.274999618530273, 9.300000190734863, 10.392714500427246, 99.28655663390059, OverBought, 10.050000190734863
AUMN, 0.03664284518786839, 0.4928571454116276, 0.529499990599496, 0.05129998326301574, 7.184871739817873, 0.550000011920929, 0.47999998927116394, 0.5152142729078021, 11.849370118532946, Oversold, 0.5264999866485596
AUPH, 0.32857145581926617, 5.692142827170236, 6.020714282989502, 0.46000003814697266, 5.592705630966233, 6.130000114440918, 5.349999904632568, 5.870714255741665, 98.82522785275246, OverBought, 5.965000152587891
AUR, 0.1872856616973877, 2.656428575515747, 2.8437142372131348, 0.26219992637634276, 6.835243103851391, 3.0899999141693115, 2.450000047683716, 2.7364285673413957, 93.90289387036262, OverBought, 2.815000057220459
AURA, 0.4774284362792969, 8.560714449201312, 9.038142885480609, 0.6683998107910156, 5.525791866990695, 9.260000228881836, 8.5, 8.777142797197614, 99.41570967546028, OverBought, 8.789999961853027
AUST, 0.06234284809657505, 0.8622285723686218, 0.9245714204651969, 0.08727998733520508, 7.363908384657291, 0.9599999785423279, 0.8465999960899353, 0.8888571262359619, 33.628024640573216, Normal, 0.890999972820282
AUTL, 0.36928558349609375, 6.225000040871756, 6.59428562436785, 0.5169998168945312, 5.927537437648567, 7.039999961853027, 5.880000114440918, 6.375714233943394, 98.0856102273195, OverBought, 6.429999828338623
AUUD, 0.8305998870304653, 4.201357194355556, 5.031957081386021, 1.1628398418426513, 26.733178530629715, 5.747499942779541, 3.1070001125335693, 4.470942905970982, 91.31934203729699, OverBought, 3.4565999507904053
AUVI, 0.13232856137411936, 1.7514428751809257, 1.883771436555045, 0.1852599859237671, 7.604652570942602, 2.046999931335449, 1.600000023841858, 1.7943000112261092, 88.90465221520522, OverBought, 1.7401000261306763
AUVIP, 0.22266674041748047, 4.201666593551636, 4.424333333969116, 0.26720008850097654, 5.095348884408342, 5.25, 3.809999942779541, 4.3393332958221436, 97.16362004428655, OverBought, 4.369999885559082
AVAH, 0.17291430064610072, 2.2042856897626604, 2.3771999904087613, 0.24208002090454103, 7.295962404880467, 2.5399999618530273, 2.0, 2.318571465356009, 94.83857850792744, OverBought, 2.440000057220459
AVGR, 0.7808142048971993, 3.3434714589800154, 4.124285663877215, 1.093139886856079, 23.417634743407344, 5.449999809265137, 2.799999952316284, 3.8291428429739818, 87.25751405685375, OverBought, 3.700000047683716
AVPTW, 0.09999996423721313, 0.949999988079071, 1.0499999523162842, 0.019999992847442628, 10.526312157057612, 1.0499999523162842, 0.949999988079071, 1.0499999523162842, 100, OverBought, 1.0499999523162842
AVTE, 1.9762859344482422, 18.889428547450475, 20.865714481898717, 2.766800308227539, 9.886372971867704, 22.399999618530273, 18.040000915527344, 20.017142704554967, 99.49240567358426, OverBought, 22.3700008392334
AVXL, 0.2563285827636719, 5.079385689326695, 5.3357142720903665, 0.3588600158691407, 5.1776232209023565, 5.820000171661377, 4.795000076293945, 5.162142889840262, 97.1399076669825, OverBought, 5.114999771118164
AWH, 0.33142845971243723, 4.3628572055271695, 4.694285665239606, 0.4639998435974121, 7.835188137541222, 5.0, 4.010000228881836, 4.524542808532715, 95.34075741606203, OverBought, 4.231800079345703
AWRE, 0.10142854281834193, 1.8514285768781389, 1.9528571196964808, 0.14199995994567874, 5.148656921081186, 2.049999952316284, 1.7799999713897705, 1.8885714326586043, 92.8036052118195, OverBought, 1.9800000190734863
AXDX, 0.12948569229670934, 0.9928571496691022, 1.1223428419658117, 0.18127996921539305, 13.212825487404375, 1.2400000095367432, 0.8299999833106995, 1.0514285564422607, 51.27226645772715, Normal, 0.9800000190734863
AXL, 0.4385713849748884, 7.232857159205845, 7.671428544180734, 0.6139999389648437, 6.555626027260525, 8.979999542236328, 6.679999828338623, 7.309285640716553, 97.25337946403504, OverBought, 6.704999923706055
AXTI, 0.5614285128457206, 2.8842857565198625, 3.4457142693655833, 0.7859999179840087, 12.702002333820406, 5.090000152587891, 2.1700000762939453, 3.224285738808768, 96.5912776633938, OverBought, 5.019999980926514
AYTU, 0.2171428884778704, 2.9157142639160156, 3.132857152393886, 0.3040000438690185, 7.672893792643951, 3.4000000953674316, 2.809999942779541, 3.0142857347215926, 94.30677398871612, OverBought, 2.859999895095825
AZ, 0.1228428568158831, 1.185728566987174, 1.308571423803057, 0.1719799995422363, 10.681058828800818, 1.399999976158142, 1.149999976158142, 1.2398714167731149, 66.45321397357083, Normal, 1.1500999927520752
BACK, 0.1632856641496931, 1.5307143075125558, 1.693999971662249, 0.2285999298095703, 11.2610799158615, 1.8799999952316284, 1.350000023841858, 1.5692857503890991, 78.71414991938667, Normal, 1.4500000476837158
BAER, 0.3629999841962542, 5.057142870766776, 5.42014285496303, 0.5081999778747558, 7.363083100118134, 5.710000038146973, 4.75, 5.184428623744419, 97.49885939309343, OverBought, 5.199999809265137
BANL, 0.0892857483455113, 1.2007142645972115, 1.290000012942723, 0.1250000476837158, 7.832083286482439, 1.38100004196167, 1.024999976158142, 1.2364285503114973, 69.3324488079929, Normal, 1.149999976158142
BAOS, 0.4489999839237758, 3.670000042234148, 4.1190000261579245, 0.628599977493286, 14.075234353287215, 4.679999828338623, 3.190000057220459, 3.8378429072243825, 91.70806461169205, OverBought, 3.389899969100952
BARK, 0.06314287866864886, 1.133285709789821, 1.19642858845847, 0.08840003013610839, 5.3922184853076045, 1.225000023841858, 1.0700000524520874, 1.1685714210782732, 87.15195198851659, OverBought, 1.2000000476837158
BATL, 0.37728568485804964, 5.822857175554548, 6.200142860412598, 0.5281999588012696, 6.324990363904112, 6.718999862670898, 5.704999923706055, 5.98685714176723, 98.93761096880439, OverBought, 6.007999897003174
BBAI, 0.3125285931995937, 2.0785714047295705, 2.3910999979291643, 0.43754003047943113, 11.838203817455442, 3.3677000999450684, 1.899999976158142, 2.2864285707473755, 90.99182865679863, OverBought, 3.234999895095825
BBLG, 0.6496999944959369, 3.1214428629193987, 3.7711428574153354, 0.9095799922943114, 26.957387619627603, 4.489999771118164, 2.410099983215332, 3.3235714435577393, 84.88304382414537, OverBought, 2.440000057220459
BBLGW, 0.3933333158493042, 4.083333293596904, 4.476666609446208, 0.471999979019165, 7.866666316986085, 5.0, 2.869999885559082, 4.089999953905742, 90.72610667797204, OverBought, 5.0
BCAB, 0.2429999623979841, 2.3135714530944824, 2.5565714154924666, 0.3401999473571778, 9.938649040194198, 2.740000009536743, 2.180000066757202, 2.4399857180459157, 98.33811025351618, OverBought, 2.6898999214172363
BCOV, 0.14071428775787354, 2.0357143027441844, 2.176428590502058, 0.19700000286102293, 7.367240325495042, 2.4600000381469727, 1.809999942779541, 2.08928576537541, 88.36021408581936, OverBought, 2.0250000953674316
BCRX, 0.338571412222726, 5.597142832619803, 5.935714244842529, 0.4739999771118164, 5.992414274476362, 6.039999961853027, 5.489999771118164, 5.795000076293945, 98.71036396984677, OverBought, 5.855000019073486
BCTX, 0.30142862456185476, 3.2385714054107666, 3.5400000299726213, 0.4220000743865967, 9.303352582549936, 3.7300000190734863, 3.0299999713897705, 3.4314285687037875, 96.6570320167263, OverBought, 3.4700000286102295
BCTXW, 0.21000003814697266, 1.2799999713897705, 1.4900000095367432, 0.04200000762939453, 16.406253346940577, 1.4900000095367432, 1.2799999713897705, 1.4800000190734863, 100, OverBought, 1.4800000190734863
BCYC, 1.4392858232770647, 23.060714176722936, 24.5, 2.0150001525878904, 5.802401957547024, 26.219999313354492, 21.31999969482422, 23.952857153756277, 99.91686375657088, OverBought, 25.100000381469727
BDRX, 0.14177146979740687, 1.42857141154153, 1.5703428813389368, 0.1984800577163696, 10.659508663371582, 1.7300000190734863, 1.309999942779541, 1.4942714146205358, 75.88778606227224, Normal, 1.339900016784668
BDSX, 0.1397571563720703, 1.445099983896528, 1.5848571402685983, 0.19566001892089846, 9.343929679191758, 1.6440000534057617, 1.4199999570846558, 1.5008143016270228, 88.45406715986505, OverBought, 1.4957000017166138
BDTX, 0.4771428789411272, 4.640714304787772, 5.1178571837288995, 0.6680000305175782, 9.878734709689518, 5.650000095367432, 4.449999809265137, 4.831428527832031, 96.23674202173558, OverBought, 4.860000133514404
BE, 0.5675715037754604, 8.650285584586006, 9.217857088361468, 0.7946001052856445, 6.446013448083912, 9.949999809265137, 8.411999702453613, 8.94714287349156, 98.46033661650083, OverBought, 8.989999771118164
BEAM, 3.122142791748047, 33.03499984741211, 36.157142639160156, 4.370999908447265, 8.105251180283362, 49.5, 30.68000030517578, 35.149714606148855, 99.89275717800935, OverBought, 46.257999420166016
BEAT, 0.15857143061501638, 1.5099999904632568, 1.6685714210782732, 0.22200000286102298, 11.746031689966237, 1.850000023841858, 1.350000023841858, 1.5564285516738892, 79.10848771369481, Normal, 1.4149999618530273
BEDU, 0.13855714457375662, 1.8554285764694214, 1.993985721043178, 0.19398000240325927, 6.7588852583728904, 2.149899959564209, 1.6399999856948853, 1.921857169696263, 100, OverBought, 2.130000114440918
BEEM, 0.4657143865312849, 6.905142852238247, 7.370857238769531, 0.6520001411437988, 6.818658736947418, 8.0600004196167, 6.611000061035156, 7.069285733359201, 97.93870225616091, OverBought, 6.960000038146973
BELFA, 3.297142573765346, 63.7971431187221, 67.09428569248745, 4.615999603271485, 5.607385402289628, 77.3499984741211, 51.0, 66.11000115530831, 99.65337484141246, OverBought, 58.880001068115234
BELFB, 3.3128558567592075, 58.31000082833426, 61.622856685093474, 4.637998199462891, 6.3659796281262935, 74.37999725341797, 45.75, 59.968572344098774, 99.52547205119932, OverBought, 52.2400016784668
BETR, 0.03957142148699079, 0.5038571357727051, 0.5434285572596959, 0.0553999900817871, 8.010409405061601, 0.593999981880188, 0.46799999475479126, 0.5174428650311061, 1.7786756807574449, Oversold, 0.5001000165939331
BETS, 0.31601432391575407, 2.354285682950701, 2.670300006866455, 0.4424200534820557, 12.691338261261595, 3.049999952316284, 2.069999933242798, 2.4857142652784074, 90.30035373984119, OverBought, 2.5199999809265137
BFI, 0.05944286073957171, 0.6334142770086016, 0.6928571377481733, 0.08322000503540039, 9.908794802698734, 0.7599999904632568, 0.5609999895095825, 0.6637142811502729, 2.8896684774739043, Oversold, 0.6000000238418579
BFLY, 0.14838570356369019, 1.0600000023841858, 1.208385705947876, 0.20773998498916627, 10.910713382566186, 1.638700008392334, 0.9520000219345093, 1.1207142727715629, 86.84104065121842, OverBought, 1.4299999475479126
BFRG, 0.5064285482679095, 4.112857171467373, 4.619285719735282, 0.7089999675750731, 11.00931649493939, 5.300000190734863, 3.809999942779541, 4.392642838614328, 96.97991673980859, OverBought, 5.248499870300293
BFRGW, 0.1753000020980835, 0.7746999859809875, 0.949999988079071, 0.035060000419616696, 22.62811478899209, 0.949999988079071, 0.7746999859809875, 0.9110999703407288, 0, Oversold, 0.9110999703407288
BFRI, 0.23469999858311244, 0.854871426309858, 1.0895714248929704, 0.32857999801635746, 27.576076957210443, 1.8799999952316284, 0.6549999713897705, 0.938557139464787, 51.76019923165485, Normal, 0.8848999738693237
BGLC, 0.1494428515434265, 0.7446999975613185, 0.8941428491047451, 0.20921999216079712, 25.50654537119939, 1.149999976158142, 0.5859000086784363, 0.797299998147147, 31.143094932808367, Normal, 0.7150999903678894
BHAT, 0.06855714321136475, 1.0228571380887712, 1.091414281300136, 0.09598000049591064, 6.721288675818513, 1.2300000190734863, 1.0, 1.0342856986182076, 55.36302049179716, Normal, 1.0199999809265137
BHG, 0.6288500626881918, 7.646916786829631, 8.275766849517822, 0.75462007522583, 8.373502576867715, 8.510000228881836, 7.25, 7.916666666666667, 98.71818298619478, OverBought, 7.519999980926514
BHVN, 2.4897144862583707, 46.42428534371512, 48.91399982997349, 3.4856002807617186, 5.430129921735175, 50.68000030517578, 44.38999938964844, 47.33214351109096, 99.8269377899959, OverBought, 47.19499969482422
BIAF, 0.19914284774235316, 1.5465714250292097, 1.7457142727715629, 0.2787999868392944, 10.48120264427719, 2.1500000953674316, 1.409999966621399, 1.6342857054301672, 92.66156788963018, OverBought, 1.909999966621399
BIG, 0.39569997787475586, 4.158571447644915, 4.554271425519671, 0.5539799690246582, 8.892134715396784, 5.049900054931641, 3.8399999141693115, 4.408571447644915, 96.85254955167979, OverBought, 5.039999961853027
BIGC, 0.41928556987217497, 8.020000049046107, 8.439285618918282, 0.5869997978210449, 5.403164400841663, 8.930000305175781, 7.690000057220459, 8.148571355002266, 98.57908521340478, OverBought, 7.78000020980835
BIMI, 0.46145704814365934, 3.308542932782854, 3.7699999809265137, 0.6460398674011231, 11.92457070952933, 4.099999904632568, 2.9000000953674316, 3.6085714272090366, 97.93080499660239, OverBought, 4.0
BIOR, 0.1395714282989502, 0.8525714363370623, 0.9921428646360125, 0.19539999961853027, 12.804717800450874, 1.4800000190734863, 0.7730000019073486, 0.9483428512300763, 72.01125883804937, Normal, 1.3624000549316406
BIRD, 0.06504284484045846, 0.9048571501459394, 0.9698999949863979, 0.09105998277664183, 6.919451596322451, 1.0299999713897705, 0.8500000238418579, 0.9346142836979457, 43.83240541208508, Normal, 0.970300018787384
BITF, 0.33871432713099886, 3.2042857238224576, 3.5430000509534563, 0.4742000579833985, 9.705281553164214, 3.9100000858306885, 2.9700000286102295, 3.3703999859946117, 93.52816140823184, OverBought, 3.5627999305725098
BIVI, 0.10427144595554896, 1.1385857037135534, 1.2428571496691023, 0.14598002433776855, 8.761570450622207, 1.2699999809265137, 1.090000033378601, 1.199285728590829, 68.9033206359178, Normal, 1.1950000524520874
BJDX, 0.05328571796417236, 0.7541428548949105, 0.8074285728590829, 0.07460000514984132, 7.1428577135642035, 0.8259999752044678, 0.7300000190734863, 0.7734285848481315, 24.850607626833266, Oversold, 0.7900000214576721
BJRI, 1.811429704938616, 33.62857110159738, 35.44000080653599, 2.536001586914062, 5.281136283470811, 37.5099983215332, 32.97999954223633, 34.49642835344587, 99.7352838893236, OverBought, 34.494998931884766
BKD, 0.29928568431309294, 5.5685714312962125, 5.867857115609305, 0.4189999580383301, 5.2506262162783806, 6.309999942779541, 5.269999980926514, 5.695000035422189, 97.24078353995415, OverBought, 5.735000133514404
BKKT, 0.07528571571622576, 0.8917142833982196, 0.9669999991144452, 0.10540000200271607, 8.009118713529578, 1.0099999904632568, 0.8399999737739563, 0.9211857233728681, 40.026981700945, Normal, 0.942300021648407
BKSY, 0.11714286463601249, 1.4899999925068446, 1.6071428571428572, 0.16400001049041749, 7.275954260570117, 1.75, 1.4199999570846558, 1.5427428824560983, 88.76076590006589, OverBought, 1.6992000341415405
BKYI, 0.19284285817827498, 1.8485714197158813, 2.041414277894156, 0.26998000144958495, 10.04389908795046, 2.2699999809265137, 1.7899999618530273, 1.9428571462631226, 93.06395069644363, OverBought, 2.0199999809265137
BLBX, 0.26324282373700825, 2.6470000403267995, 2.910242864063808, 0.36853995323181155, 9.642594208711698, 2.9790000915527344, 2.4210000038146973, 2.8400000163487027, 94.31766946708557, OverBought, 2.8399999141693115
BLCO, 0.8392857142857143, 15.751428467886788, 16.5907141821725, 1.1750000000000003, 5.052893940068015, 17.69499969482422, 14.050000190734863, 16.352143015180314, 99.69885781232313, OverBought, 17.165000915527344
BLND, 0.29571424211774555, 2.421428612300328, 2.7171428544180736, 0.41399993896484377, 12.424967558760446, 3.369999885559082, 2.1700000762939453, 2.522857121058873, 87.68359600713151, OverBought, 2.4700000286102295
BLNK, 0.234285763331822, 2.9678571224212646, 3.2021428857530867, 0.3280000686645508, 7.569814577256241, 3.450000047683716, 2.7799999713897705, 3.0742857456207275, 94.32577393540193, OverBought, 3.140000104904175
BLRX, 0.11428572450365339, 1.1471428530556815, 1.2614285775593348, 0.16000001430511473, 9.685231320657575, 1.3200000524520874, 1.090000033378601, 1.2142857142857142, 70.0102090016203, Normal, 1.2100000381469727
BLUE, 0.1614286048071725, 1.149999976158142, 1.3114285809653146, 0.2260000467300415, 10.981537528253702, 1.7899999618530273, 1.0, 1.2692857129233224, 98.57958195034522, OverBought, 1.784999966621399
BLZE, 1.0389999662126814, 10.035714285714286, 11.074714251926967, 1.454599952697754, 10.890985014331891, 11.829999923706055, 9.0, 10.751428467886788, 98.45893514912991, OverBought, 10.020000457763672
BMA, 2.0021138872419084, 33.56074333190918, 35.56285721915109, 2.8029594421386714, 5.487468736665548, 38.189998626708984, 31.100000381469727, 34.895713806152344, 100, OverBought, 38.189998626708984
BMEA, 1.2834286008562361, 16.059999874659947, 17.343428475516184, 1.7968000411987304, 7.671420418249922, 18.899999618530273, 15.199999809265137, 16.74071420942034, 99.12151131983987, OverBought, 18.19499969482422
BMR, 2.251557077680315, 9.311428615025111, 11.562985692705427, 3.152179908752441, 30.020761035737536, 15.699999809265137, 7.25, 10.457142966134208, 96.01813713446046, OverBought, 8.390000343322754
BMRA, 0.11734286376408168, 1.075514282499041, 1.1928571462631226, 0.16428000926971437, 9.789993200259918, 1.350000023841858, 0.9700000286102295, 1.1498428412846156, 76.74865613929155, Normal, 1.2388999462127686
BMTX, 0.14425715378352574, 1.7571714094706945, 1.90142856325422, 0.20196001529693605, 8.484716917796241, 2.0799999237060547, 1.649999976158142, 1.8200000013623918, 88.2020018192769, OverBought, 1.8300000429153442
BNED, 0.04528572729655674, 0.8005714246204921, 0.8458571519170489, 0.06340001821517945, 5.4561118321859805, 0.8790000081062317, 0.7599999904632568, 0.824571430683136, 24.19622587536233, Oversold, 0.8539999723434448
BNGO, 0.061428580965314596, 1.160000000681196, 1.2214285816465105, 0.08600001335144042, 5.3416158468569614, 1.309999942779541, 1.1100000143051147, 1.1842857088361467, 76.35789091929809, Normal, 1.190000057220459
BNOX, 0.08814280373709542, 1.145714317049299, 1.2338571207863944, 0.12339992523193359, 7.869893157306221, 1.309999942779541, 1.090000033378601, 1.189999989100865, 73.13284331061503, Normal, 1.1799999475479126
BNR, 0.056214290005820136, 0.8027999997138977, 0.8590142897197178, 0.07870000600814821, 7.110332643180148, 0.8899999856948853, 0.7906000018119812, 0.8243714315550668, 28.42813201486871, Oversold, 0.7906000018119812
BNRG, 0.5059428215026855, 3.680000032697405, 4.185942854200091, 0.7083199501037598, 13.861446802284377, 4.400000095367432, 3.5, 4.053085735866001, 97.36913917678784, OverBought, 3.911600112915039
BNTC, 0.4012857164655413, 3.3058571134294783, 3.7071428298950195, 0.5618000030517578, 9.600137151800691, 4.329999923706055, 2.75, 3.6425714833395824, 99.73243876773014, OverBought, 4.28000020980835
BODY, 0.555985859462193, 8.425728525434222, 8.981714384896415, 0.7783802032470704, 6.1706955190129795, 9.369999885559082, 7.800000190734863, 8.735728536333356, 98.97786734277608, OverBought, 9.010100364685059
BOF, 0.4204286166599819, 2.2388571330479214, 2.659285749707903, 0.5886000633239746, 16.487397040070018, 2.990000009536743, 1.8200000524520874, 2.3995714698519026, 87.27638325335602, OverBought, 2.631999969482422
BOLT, 0.0778571707861764, 1.145714282989502, 1.2235714537756783, 0.10900003910064696, 6.770188904375236, 1.25, 1.1100000143051147, 1.185000010899135, 72.53275589102915, Normal, 1.159999966621399
BOOM, 0.8742855616978237, 16.895714351109095, 17.76999991280692, 1.2239997863769532, 5.19480431171209, 18.469999313354492, 15.0, 17.445714133126394, 99.5092008814546, OverBought, 17.229999542236328
BOXL, 0.06054285594395229, 0.8017142840794155, 0.8622571400233677, 0.0847599983215332, 7.644300034344704, 0.8849999904632568, 0.7799999713897705, 0.8114285809653146, 13.088634894830093, Oversold, 0.800000011920929
BPMC, 5.5485719953264505, 87.92071424211774, 93.4692862374442, 7.7680007934570305, 5.840602100343633, 98.76000213623047, 80.41999816894531, 91.0500008719308, 99.93498380788257, OverBought, 98.04000091552734
BPTH, 1.2714144161769323, 7.002857140132359, 8.27427155630929, 1.7799801826477053, 22.70382924694627, 9.800000190734863, 5.550000190734863, 7.250000068119594, 95.07247766637147, OverBought, 5.699999809265137
BRDG, 0.5211427552359444, 7.64071444102696, 8.161857196262904, 0.7295998573303224, 7.72063341090288, 9.015000343322754, 6.75, 7.815657206944057, 97.00923904986433, OverBought, 6.889599800109863
BREA, 0.23628572906766618, 1.0728571329798018, 1.3091428620474679, 0.3308000206947327, 23.628572906766617, 1.6399999856948853, 0.8199999928474426, 1.179000002997262, 57.074365725707125, Normal, 1.0499999523162842
BRFH, 0.11142856734139579, 1.1357142584664481, 1.2471428258078439, 0.1559999942779541, 9.523809523809526, 1.2999999523162842, 1.0, 1.1871428319386073, 65.30699551681445, Normal, 1.1699999570846558
BRLT, 0.21557140350341797, 2.832857131958008, 3.048428535461426, 0.30179996490478517, 7.485117879770151, 3.2249999046325684, 2.5999999046325684, 2.9471428053719655, 95.11973369098155, OverBought, 3.0899999141693115
